Path,Labels
..\data\Training\glioma\Tr-gl_1.jpg,glioma
..\data\Training\glioma\Tr-gl_10.jpg,glioma
..\data\Training\glioma\Tr-gl_100.jpg,glioma
..\data\Training\glioma\Tr-gl_1000.jpg,glioma
..\data\Training\glioma\Tr-gl_1001.jpg,glioma
..\data\Training\glioma\Tr-gl_1002.jpg,glioma
..\data\Training\glioma\Tr-gl_1003.jpg,glioma
..\data\Training\glioma\Tr-gl_1004.jpg,glioma
..\data\Training\glioma\Tr-gl_1005.jpg,glioma
..\data\Training\glioma\Tr-gl_1006.jpg,glioma
..\data\Training\glioma\Tr-gl_1007.jpg,glioma
..\data\Training\glioma\Tr-gl_1008.jpg,glioma
..\data\Training\glioma\Tr-gl_1009.jpg,glioma
..\data\Training\glioma\Tr-gl_101.jpg,glioma
..\data\Training\glioma\Tr-gl_1010.jpg,glioma
..\data\Training\glioma\Tr-gl_1011.jpg,glioma
..\data\Training\glioma\Tr-gl_1012.jpg,glioma
..\data\Training\glioma\Tr-gl_1013.jpg,glioma
..\data\Training\glioma\Tr-gl_1014.jpg,glioma
..\data\Training\glioma\Tr-gl_1015.jpg,glioma
..\data\Training\glioma\Tr-gl_1016.jpg,glioma
..\data\Training\glioma\Tr-gl_1017.jpg,glioma
..\data\Training\glioma\Tr-gl_1018.jpg,glioma
..\data\Training\glioma\Tr-gl_1019.jpg,glioma
..\data\Training\glioma\Tr-gl_102.jpg,glioma
..\data\Training\glioma\Tr-gl_1020.jpg,glioma
..\data\Training\glioma\Tr-gl_1021.jpg,glioma
..\data\Training\glioma\Tr-gl_1022.jpg,glioma
..\data\Training\glioma\Tr-gl_1023.jpg,glioma
..\data\Training\glioma\Tr-gl_1024.jpg,glioma
..\data\Training\glioma\Tr-gl_1025.jpg,glioma
..\data\Training\glioma\Tr-gl_1026.jpg,glioma
..\data\Training\glioma\Tr-gl_1027.jpg,glioma
..\data\Training\glioma\Tr-gl_1028.jpg,glioma
..\data\Training\glioma\Tr-gl_1029.jpg,glioma
..\data\Training\glioma\Tr-gl_103.jpg,glioma
..\data\Training\glioma\Tr-gl_1030.jpg,glioma
..\data\Training\glioma\Tr-gl_1031.jpg,glioma
..\data\Training\glioma\Tr-gl_1032.jpg,glioma
..\data\Training\glioma\Tr-gl_1033.jpg,glioma
..\data\Training\glioma\Tr-gl_1034.jpg,glioma
..\data\Training\glioma\Tr-gl_1035.jpg,glioma
..\data\Training\glioma\Tr-gl_1036.jpg,glioma
..\data\Training\glioma\Tr-gl_1037.jpg,glioma
..\data\Training\glioma\Tr-gl_1038.jpg,glioma
..\data\Training\glioma\Tr-gl_1039.jpg,glioma
..\data\Training\glioma\Tr-gl_104.jpg,glioma
..\data\Training\glioma\Tr-gl_1040.jpg,glioma
..\data\Training\glioma\Tr-gl_1041.jpg,glioma
..\data\Training\glioma\Tr-gl_1042.jpg,glioma
..\data\Training\glioma\Tr-gl_1043.jpg,glioma
..\data\Training\glioma\Tr-gl_1044.jpg,glioma
..\data\Training\glioma\Tr-gl_1045.jpg,glioma
..\data\Training\glioma\Tr-gl_1046.jpg,glioma
..\data\Training\glioma\Tr-gl_1047.jpg,glioma
..\data\Training\glioma\Tr-gl_1048.jpg,glioma
..\data\Training\glioma\Tr-gl_1049.jpg,glioma
..\data\Training\glioma\Tr-gl_105.jpg,glioma
..\data\Training\glioma\Tr-gl_1050.jpg,glioma
..\data\Training\glioma\Tr-gl_1051.jpg,glioma
..\data\Training\glioma\Tr-gl_1052.jpg,glioma
..\data\Training\glioma\Tr-gl_1053.jpg,glioma
..\data\Training\glioma\Tr-gl_1054.jpg,glioma
..\data\Training\glioma\Tr-gl_1055.jpg,glioma
..\data\Training\glioma\Tr-gl_1056.jpg,glioma
..\data\Training\glioma\Tr-gl_1057.jpg,glioma
..\data\Training\glioma\Tr-gl_1058.jpg,glioma
..\data\Training\glioma\Tr-gl_1059.jpg,glioma
..\data\Training\glioma\Tr-gl_106.jpg,glioma
..\data\Training\glioma\Tr-gl_1060.jpg,glioma
..\data\Training\glioma\Tr-gl_1061.jpg,glioma
..\data\Training\glioma\Tr-gl_1062.jpg,glioma
..\data\Training\glioma\Tr-gl_1063.jpg,glioma
..\data\Training\glioma\Tr-gl_1064.jpg,glioma
..\data\Training\glioma\Tr-gl_1065.jpg,glioma
..\data\Training\glioma\Tr-gl_1066.jpg,glioma
..\data\Training\glioma\Tr-gl_1067.jpg,glioma
..\data\Training\glioma\Tr-gl_1068.jpg,glioma
..\data\Training\glioma\Tr-gl_1069.jpg,glioma
..\data\Training\glioma\Tr-gl_107.jpg,glioma
..\data\Training\glioma\Tr-gl_1070.jpg,glioma
..\data\Training\glioma\Tr-gl_1071.jpg,glioma
..\data\Training\glioma\Tr-gl_1072.jpg,glioma
..\data\Training\glioma\Tr-gl_1073.jpg,glioma
..\data\Training\glioma\Tr-gl_1074.jpg,glioma
..\data\Training\glioma\Tr-gl_1075.jpg,glioma
..\data\Training\glioma\Tr-gl_1076.jpg,glioma
..\data\Training\glioma\Tr-gl_1077.jpg,glioma
..\data\Training\glioma\Tr-gl_1078.jpg,glioma
..\data\Training\glioma\Tr-gl_1079.jpg,glioma
..\data\Training\glioma\Tr-gl_108.jpg,glioma
..\data\Training\glioma\Tr-gl_1080.jpg,glioma
..\data\Training\glioma\Tr-gl_1081.jpg,glioma
..\data\Training\glioma\Tr-gl_1082.jpg,glioma
..\data\Training\glioma\Tr-gl_1083.jpg,glioma
..\data\Training\glioma\Tr-gl_1084.jpg,glioma
..\data\Training\glioma\Tr-gl_1085.jpg,glioma
..\data\Training\glioma\Tr-gl_1086.jpg,glioma
..\data\Training\glioma\Tr-gl_1087.jpg,glioma
..\data\Training\glioma\Tr-gl_1088.jpg,glioma
..\data\Training\glioma\Tr-gl_1089.jpg,glioma
..\data\Training\glioma\Tr-gl_109.jpg,glioma
..\data\Training\glioma\Tr-gl_1090.jpg,glioma
..\data\Training\glioma\Tr-gl_1091.jpg,glioma
..\data\Training\glioma\Tr-gl_1092.jpg,glioma
..\data\Training\glioma\Tr-gl_1093.jpg,glioma
..\data\Training\glioma\Tr-gl_1094.jpg,glioma
..\data\Training\glioma\Tr-gl_1095.jpg,glioma
..\data\Training\glioma\Tr-gl_1096.jpg,glioma
..\data\Training\glioma\Tr-gl_1097.jpg,glioma
..\data\Training\glioma\Tr-gl_1098.jpg,glioma
..\data\Training\glioma\Tr-gl_1099.jpg,glioma
..\data\Training\glioma\Tr-gl_11.jpg,glioma
..\data\Training\glioma\Tr-gl_110.jpg,glioma
..\data\Training\glioma\Tr-gl_1100.jpg,glioma
..\data\Training\glioma\Tr-gl_1101.jpg,glioma
..\data\Training\glioma\Tr-gl_1102.jpg,glioma
..\data\Training\glioma\Tr-gl_1103.jpg,glioma
..\data\Training\glioma\Tr-gl_1104.jpg,glioma
..\data\Training\glioma\Tr-gl_1105.jpg,glioma
..\data\Training\glioma\Tr-gl_1106.jpg,glioma
..\data\Training\glioma\Tr-gl_1107.jpg,glioma
..\data\Training\glioma\Tr-gl_1108.jpg,glioma
..\data\Training\glioma\Tr-gl_1109.jpg,glioma
..\data\Training\glioma\Tr-gl_111.jpg,glioma
..\data\Training\glioma\Tr-gl_1110.jpg,glioma
..\data\Training\glioma\Tr-gl_1111.jpg,glioma
..\data\Training\glioma\Tr-gl_1112.jpg,glioma
..\data\Training\glioma\Tr-gl_1113.jpg,glioma
..\data\Training\glioma\Tr-gl_1114.jpg,glioma
..\data\Training\glioma\Tr-gl_1115.jpg,glioma
..\data\Training\glioma\Tr-gl_1116.jpg,glioma
..\data\Training\glioma\Tr-gl_1117.jpg,glioma
..\data\Training\glioma\Tr-gl_1118.jpg,glioma
..\data\Training\glioma\Tr-gl_1119.jpg,glioma
..\data\Training\glioma\Tr-gl_112.jpg,glioma
..\data\Training\glioma\Tr-gl_1120.jpg,glioma
..\data\Training\glioma\Tr-gl_1121.jpg,glioma
..\data\Training\glioma\Tr-gl_1122.jpg,glioma
..\data\Training\glioma\Tr-gl_1123.jpg,glioma
..\data\Training\glioma\Tr-gl_1124.jpg,glioma
..\data\Training\glioma\Tr-gl_1125.jpg,glioma
..\data\Training\glioma\Tr-gl_1126.jpg,glioma
..\data\Training\glioma\Tr-gl_1127.jpg,glioma
..\data\Training\glioma\Tr-gl_1128.jpg,glioma
..\data\Training\glioma\Tr-gl_1129.jpg,glioma
..\data\Training\glioma\Tr-gl_113.jpg,glioma
..\data\Training\glioma\Tr-gl_1130.jpg,glioma
..\data\Training\glioma\Tr-gl_1131.jpg,glioma
..\data\Training\glioma\Tr-gl_1132.jpg,glioma
..\data\Training\glioma\Tr-gl_1133.jpg,glioma
..\data\Training\glioma\Tr-gl_1134.jpg,glioma
..\data\Training\glioma\Tr-gl_1135.jpg,glioma
..\data\Training\glioma\Tr-gl_1136.jpg,glioma
..\data\Training\glioma\Tr-gl_1137.jpg,glioma
..\data\Training\glioma\Tr-gl_1138.jpg,glioma
..\data\Training\glioma\Tr-gl_1139.jpg,glioma
..\data\Training\glioma\Tr-gl_114.jpg,glioma
..\data\Training\glioma\Tr-gl_1140.jpg,glioma
..\data\Training\glioma\Tr-gl_1141.jpg,glioma
..\data\Training\glioma\Tr-gl_1142.jpg,glioma
..\data\Training\glioma\Tr-gl_1143.jpg,glioma
..\data\Training\glioma\Tr-gl_1144.jpg,glioma
..\data\Training\glioma\Tr-gl_1145.jpg,glioma
..\data\Training\glioma\Tr-gl_1146.jpg,glioma
..\data\Training\glioma\Tr-gl_1147.jpg,glioma
..\data\Training\glioma\Tr-gl_1148.jpg,glioma
..\data\Training\glioma\Tr-gl_1149.jpg,glioma
..\data\Training\glioma\Tr-gl_115.jpg,glioma
..\data\Training\glioma\Tr-gl_1150.jpg,glioma
..\data\Training\glioma\Tr-gl_1151.jpg,glioma
..\data\Training\glioma\Tr-gl_1152.jpg,glioma
..\data\Training\glioma\Tr-gl_1153.jpg,glioma
..\data\Training\glioma\Tr-gl_1154.jpg,glioma
..\data\Training\glioma\Tr-gl_1155.jpg,glioma
..\data\Training\glioma\Tr-gl_1156.jpg,glioma
..\data\Training\glioma\Tr-gl_1157.jpg,glioma
..\data\Training\glioma\Tr-gl_1158.jpg,glioma
..\data\Training\glioma\Tr-gl_1159.jpg,glioma
..\data\Training\glioma\Tr-gl_116.jpg,glioma
..\data\Training\glioma\Tr-gl_1160.jpg,glioma
..\data\Training\glioma\Tr-gl_1161.jpg,glioma
..\data\Training\glioma\Tr-gl_1162.jpg,glioma
..\data\Training\glioma\Tr-gl_1163.jpg,glioma
..\data\Training\glioma\Tr-gl_1164.jpg,glioma
..\data\Training\glioma\Tr-gl_1165.jpg,glioma
..\data\Training\glioma\Tr-gl_1166.jpg,glioma
..\data\Training\glioma\Tr-gl_1167.jpg,glioma
..\data\Training\glioma\Tr-gl_1168.jpg,glioma
..\data\Training\glioma\Tr-gl_1169.jpg,glioma
..\data\Training\glioma\Tr-gl_117.jpg,glioma
..\data\Training\glioma\Tr-gl_1170.jpg,glioma
..\data\Training\glioma\Tr-gl_1171.jpg,glioma
..\data\Training\glioma\Tr-gl_1172.jpg,glioma
..\data\Training\glioma\Tr-gl_1173.jpg,glioma
..\data\Training\glioma\Tr-gl_1174.jpg,glioma
..\data\Training\glioma\Tr-gl_1175.jpg,glioma
..\data\Training\glioma\Tr-gl_1176.jpg,glioma
..\data\Training\glioma\Tr-gl_1177.jpg,glioma
..\data\Training\glioma\Tr-gl_1178.jpg,glioma
..\data\Training\glioma\Tr-gl_1179.jpg,glioma
..\data\Training\glioma\Tr-gl_118.jpg,glioma
..\data\Training\glioma\Tr-gl_1180.jpg,glioma
..\data\Training\glioma\Tr-gl_1181.jpg,glioma
..\data\Training\glioma\Tr-gl_1182.jpg,glioma
..\data\Training\glioma\Tr-gl_1183.jpg,glioma
..\data\Training\glioma\Tr-gl_1184.jpg,glioma
..\data\Training\glioma\Tr-gl_1185.jpg,glioma
..\data\Training\glioma\Tr-gl_1186.jpg,glioma
..\data\Training\glioma\Tr-gl_1187.jpg,glioma
..\data\Training\glioma\Tr-gl_1188.jpg,glioma
..\data\Training\glioma\Tr-gl_1189.jpg,glioma
..\data\Training\glioma\Tr-gl_119.jpg,glioma
..\data\Training\glioma\Tr-gl_1190.jpg,glioma
..\data\Training\glioma\Tr-gl_1191.jpg,glioma
..\data\Training\glioma\Tr-gl_1192.jpg,glioma
..\data\Training\glioma\Tr-gl_1193.jpg,glioma
..\data\Training\glioma\Tr-gl_1194.jpg,glioma
..\data\Training\glioma\Tr-gl_1195.jpg,glioma
..\data\Training\glioma\Tr-gl_1196.jpg,glioma
..\data\Training\glioma\Tr-gl_1197.jpg,glioma
..\data\Training\glioma\Tr-gl_1198.jpg,glioma
..\data\Training\glioma\Tr-gl_1199.jpg,glioma
..\data\Training\glioma\Tr-gl_12.jpg,glioma
..\data\Training\glioma\Tr-gl_120.jpg,glioma
..\data\Training\glioma\Tr-gl_1200.jpg,glioma
..\data\Training\glioma\Tr-gl_1201.jpg,glioma
..\data\Training\glioma\Tr-gl_1202.jpg,glioma
..\data\Training\glioma\Tr-gl_1203.jpg,glioma
..\data\Training\glioma\Tr-gl_1204.jpg,glioma
..\data\Training\glioma\Tr-gl_1205.jpg,glioma
..\data\Training\glioma\Tr-gl_1206.jpg,glioma
..\data\Training\glioma\Tr-gl_1207.jpg,glioma
..\data\Training\glioma\Tr-gl_1208.jpg,glioma
..\data\Training\glioma\Tr-gl_1209.jpg,glioma
..\data\Training\glioma\Tr-gl_121.jpg,glioma
..\data\Training\glioma\Tr-gl_1210.jpg,glioma
..\data\Training\glioma\Tr-gl_1211.jpg,glioma
..\data\Training\glioma\Tr-gl_1212.jpg,glioma
..\data\Training\glioma\Tr-gl_1213.jpg,glioma
..\data\Training\glioma\Tr-gl_1214.jpg,glioma
..\data\Training\glioma\Tr-gl_1215.jpg,glioma
..\data\Training\glioma\Tr-gl_1216.jpg,glioma
..\data\Training\glioma\Tr-gl_1217.jpg,glioma
..\data\Training\glioma\Tr-gl_1218.jpg,glioma
..\data\Training\glioma\Tr-gl_1219.jpg,glioma
..\data\Training\glioma\Tr-gl_122.jpg,glioma
..\data\Training\glioma\Tr-gl_1220.jpg,glioma
..\data\Training\glioma\Tr-gl_1221.jpg,glioma
..\data\Training\glioma\Tr-gl_1222.jpg,glioma
..\data\Training\glioma\Tr-gl_1223.jpg,glioma
..\data\Training\glioma\Tr-gl_1224.jpg,glioma
..\data\Training\glioma\Tr-gl_1225.jpg,glioma
..\data\Training\glioma\Tr-gl_1226.jpg,glioma
..\data\Training\glioma\Tr-gl_1227.jpg,glioma
..\data\Training\glioma\Tr-gl_1228.jpg,glioma
..\data\Training\glioma\Tr-gl_1229.jpg,glioma
..\data\Training\glioma\Tr-gl_123.jpg,glioma
..\data\Training\glioma\Tr-gl_1230.jpg,glioma
..\data\Training\glioma\Tr-gl_1231.jpg,glioma
..\data\Training\glioma\Tr-gl_1232.jpg,glioma
..\data\Training\glioma\Tr-gl_1233.jpg,glioma
..\data\Training\glioma\Tr-gl_1234.jpg,glioma
..\data\Training\glioma\Tr-gl_1235.jpg,glioma
..\data\Training\glioma\Tr-gl_1236.jpg,glioma
..\data\Training\glioma\Tr-gl_1237.jpg,glioma
..\data\Training\glioma\Tr-gl_1238.jpg,glioma
..\data\Training\glioma\Tr-gl_1239.jpg,glioma
..\data\Training\glioma\Tr-gl_124.jpg,glioma
..\data\Training\glioma\Tr-gl_1240.jpg,glioma
..\data\Training\glioma\Tr-gl_1241.jpg,glioma
..\data\Training\glioma\Tr-gl_1242.jpg,glioma
..\data\Training\glioma\Tr-gl_1243.jpg,glioma
..\data\Training\glioma\Tr-gl_1244.jpg,glioma
..\data\Training\glioma\Tr-gl_1245.jpg,glioma
..\data\Training\glioma\Tr-gl_1246.jpg,glioma
..\data\Training\glioma\Tr-gl_1247.jpg,glioma
..\data\Training\glioma\Tr-gl_1248.jpg,glioma
..\data\Training\glioma\Tr-gl_1249.jpg,glioma
..\data\Training\glioma\Tr-gl_125.jpg,glioma
..\data\Training\glioma\Tr-gl_1250.jpg,glioma
..\data\Training\glioma\Tr-gl_1251.jpg,glioma
..\data\Training\glioma\Tr-gl_1252.jpg,glioma
..\data\Training\glioma\Tr-gl_1253.jpg,glioma
..\data\Training\glioma\Tr-gl_1254.jpg,glioma
..\data\Training\glioma\Tr-gl_1255.jpg,glioma
..\data\Training\glioma\Tr-gl_1256.jpg,glioma
..\data\Training\glioma\Tr-gl_1257.jpg,glioma
..\data\Training\glioma\Tr-gl_1258.jpg,glioma
..\data\Training\glioma\Tr-gl_1259.jpg,glioma
..\data\Training\glioma\Tr-gl_126.jpg,glioma
..\data\Training\glioma\Tr-gl_1260.jpg,glioma
..\data\Training\glioma\Tr-gl_1261.jpg,glioma
..\data\Training\glioma\Tr-gl_1262.jpg,glioma
..\data\Training\glioma\Tr-gl_1263.jpg,glioma
..\data\Training\glioma\Tr-gl_1264.jpg,glioma
..\data\Training\glioma\Tr-gl_1265.jpg,glioma
..\data\Training\glioma\Tr-gl_1266.jpg,glioma
..\data\Training\glioma\Tr-gl_1267.jpg,glioma
..\data\Training\glioma\Tr-gl_1268.jpg,glioma
..\data\Training\glioma\Tr-gl_1269.jpg,glioma
..\data\Training\glioma\Tr-gl_127.jpg,glioma
..\data\Training\glioma\Tr-gl_1270.jpg,glioma
..\data\Training\glioma\Tr-gl_1271.jpg,glioma
..\data\Training\glioma\Tr-gl_1272.jpg,glioma
..\data\Training\glioma\Tr-gl_1273.jpg,glioma
..\data\Training\glioma\Tr-gl_1274.jpg,glioma
..\data\Training\glioma\Tr-gl_1275.jpg,glioma
..\data\Training\glioma\Tr-gl_1276.jpg,glioma
..\data\Training\glioma\Tr-gl_1277.jpg,glioma
..\data\Training\glioma\Tr-gl_1278.jpg,glioma
..\data\Training\glioma\Tr-gl_1279.jpg,glioma
..\data\Training\glioma\Tr-gl_128.jpg,glioma
..\data\Training\glioma\Tr-gl_1280.jpg,glioma
..\data\Training\glioma\Tr-gl_1281.jpg,glioma
..\data\Training\glioma\Tr-gl_1282.jpg,glioma
..\data\Training\glioma\Tr-gl_1283.jpg,glioma
..\data\Training\glioma\Tr-gl_1284.jpg,glioma
..\data\Training\glioma\Tr-gl_1285.jpg,glioma
..\data\Training\glioma\Tr-gl_1286.jpg,glioma
..\data\Training\glioma\Tr-gl_1287.jpg,glioma
..\data\Training\glioma\Tr-gl_1288.jpg,glioma
..\data\Training\glioma\Tr-gl_1289.jpg,glioma
..\data\Training\glioma\Tr-gl_129.jpg,glioma
..\data\Training\glioma\Tr-gl_1290.jpg,glioma
..\data\Training\glioma\Tr-gl_1291.jpg,glioma
..\data\Training\glioma\Tr-gl_1292.jpg,glioma
..\data\Training\glioma\Tr-gl_1293.jpg,glioma
..\data\Training\glioma\Tr-gl_1294.jpg,glioma
..\data\Training\glioma\Tr-gl_1295.jpg,glioma
..\data\Training\glioma\Tr-gl_1296.jpg,glioma
..\data\Training\glioma\Tr-gl_1297.jpg,glioma
..\data\Training\glioma\Tr-gl_1298.jpg,glioma
..\data\Training\glioma\Tr-gl_1299.jpg,glioma
..\data\Training\glioma\Tr-gl_13.jpg,glioma
..\data\Training\glioma\Tr-gl_130.jpg,glioma
..\data\Training\glioma\Tr-gl_1300.jpg,glioma
..\data\Training\glioma\Tr-gl_1301.jpg,glioma
..\data\Training\glioma\Tr-gl_1302.jpg,glioma
..\data\Training\glioma\Tr-gl_1303.jpg,glioma
..\data\Training\glioma\Tr-gl_1304.jpg,glioma
..\data\Training\glioma\Tr-gl_1305.jpg,glioma
..\data\Training\glioma\Tr-gl_1306.jpg,glioma
..\data\Training\glioma\Tr-gl_1307.jpg,glioma
..\data\Training\glioma\Tr-gl_1308.jpg,glioma
..\data\Training\glioma\Tr-gl_1309.jpg,glioma
..\data\Training\glioma\Tr-gl_131.jpg,glioma
..\data\Training\glioma\Tr-gl_1310.jpg,glioma
..\data\Training\glioma\Tr-gl_1311.jpg,glioma
..\data\Training\glioma\Tr-gl_1312.jpg,glioma
..\data\Training\glioma\Tr-gl_1313.jpg,glioma
..\data\Training\glioma\Tr-gl_1314.jpg,glioma
..\data\Training\glioma\Tr-gl_1315.jpg,glioma
..\data\Training\glioma\Tr-gl_1316.jpg,glioma
..\data\Training\glioma\Tr-gl_1317.jpg,glioma
..\data\Training\glioma\Tr-gl_1318.jpg,glioma
..\data\Training\glioma\Tr-gl_1319.jpg,glioma
..\data\Training\glioma\Tr-gl_132.jpg,glioma
..\data\Training\glioma\Tr-gl_1320.jpg,glioma
..\data\Training\glioma\Tr-gl_1321.jpg,glioma
..\data\Training\glioma\Tr-gl_1322.jpg,glioma
..\data\Training\glioma\Tr-gl_1323.jpg,glioma
..\data\Training\glioma\Tr-gl_1324.jpg,glioma
..\data\Training\glioma\Tr-gl_1325.jpg,glioma
..\data\Training\glioma\Tr-gl_1326.jpg,glioma
..\data\Training\glioma\Tr-gl_1327.jpg,glioma
..\data\Training\glioma\Tr-gl_1328.jpg,glioma
..\data\Training\glioma\Tr-gl_1329.jpg,glioma
..\data\Training\glioma\Tr-gl_133.jpg,glioma
..\data\Training\glioma\Tr-gl_1330.jpg,glioma
..\data\Training\glioma\Tr-gl_1331.jpg,glioma
..\data\Training\glioma\Tr-gl_1332.jpg,glioma
..\data\Training\glioma\Tr-gl_1333.jpg,glioma
..\data\Training\glioma\Tr-gl_1334.jpg,glioma
..\data\Training\glioma\Tr-gl_1335.jpg,glioma
..\data\Training\glioma\Tr-gl_1336.jpg,glioma
..\data\Training\glioma\Tr-gl_1337.jpg,glioma
..\data\Training\glioma\Tr-gl_1338.jpg,glioma
..\data\Training\glioma\Tr-gl_1339.jpg,glioma
..\data\Training\glioma\Tr-gl_134.jpg,glioma
..\data\Training\glioma\Tr-gl_1340.jpg,glioma
..\data\Training\glioma\Tr-gl_1341.jpg,glioma
..\data\Training\glioma\Tr-gl_1342.jpg,glioma
..\data\Training\glioma\Tr-gl_1343.jpg,glioma
..\data\Training\glioma\Tr-gl_1344.jpg,glioma
..\data\Training\glioma\Tr-gl_1345.jpg,glioma
..\data\Training\glioma\Tr-gl_1346.jpg,glioma
..\data\Training\glioma\Tr-gl_1347.jpg,glioma
..\data\Training\glioma\Tr-gl_1348.jpg,glioma
..\data\Training\glioma\Tr-gl_1349.jpg,glioma
..\data\Training\glioma\Tr-gl_135.jpg,glioma
..\data\Training\glioma\Tr-gl_1350.jpg,glioma
..\data\Training\glioma\Tr-gl_1351.jpg,glioma
..\data\Training\glioma\Tr-gl_1352.jpg,glioma
..\data\Training\glioma\Tr-gl_1353.jpg,glioma
..\data\Training\glioma\Tr-gl_1354.jpg,glioma
..\data\Training\glioma\Tr-gl_1355.jpg,glioma
..\data\Training\glioma\Tr-gl_1356.jpg,glioma
..\data\Training\glioma\Tr-gl_1357.jpg,glioma
..\data\Training\glioma\Tr-gl_1358.jpg,glioma
..\data\Training\glioma\Tr-gl_1359.jpg,glioma
..\data\Training\glioma\Tr-gl_136.jpg,glioma
..\data\Training\glioma\Tr-gl_1360.jpg,glioma
..\data\Training\glioma\Tr-gl_1361.jpg,glioma
..\data\Training\glioma\Tr-gl_1362.jpg,glioma
..\data\Training\glioma\Tr-gl_1363.jpg,glioma
..\data\Training\glioma\Tr-gl_1364.jpg,glioma
..\data\Training\glioma\Tr-gl_1365.jpg,glioma
..\data\Training\glioma\Tr-gl_1366.jpg,glioma
..\data\Training\glioma\Tr-gl_1367.jpg,glioma
..\data\Training\glioma\Tr-gl_1368.jpg,glioma
..\data\Training\glioma\Tr-gl_1369.jpg,glioma
..\data\Training\glioma\Tr-gl_137.jpg,glioma
..\data\Training\glioma\Tr-gl_1370.jpg,glioma
..\data\Training\glioma\Tr-gl_1371.jpg,glioma
..\data\Training\glioma\Tr-gl_1372.jpg,glioma
..\data\Training\glioma\Tr-gl_1373.jpg,glioma
..\data\Training\glioma\Tr-gl_1374.jpg,glioma
..\data\Training\glioma\Tr-gl_1375.jpg,glioma
..\data\Training\glioma\Tr-gl_1376.jpg,glioma
..\data\Training\glioma\Tr-gl_1377.jpg,glioma
..\data\Training\glioma\Tr-gl_1378.jpg,glioma
..\data\Training\glioma\Tr-gl_1379.jpg,glioma
..\data\Training\glioma\Tr-gl_138.jpg,glioma
..\data\Training\glioma\Tr-gl_1380.jpg,glioma
..\data\Training\glioma\Tr-gl_1381.jpg,glioma
..\data\Training\glioma\Tr-gl_1382.jpg,glioma
..\data\Training\glioma\Tr-gl_1383.jpg,glioma
..\data\Training\glioma\Tr-gl_1384.jpg,glioma
..\data\Training\glioma\Tr-gl_1385.jpg,glioma
..\data\Training\glioma\Tr-gl_1386.jpg,glioma
..\data\Training\glioma\Tr-gl_1387.jpg,glioma
..\data\Training\glioma\Tr-gl_1388.jpg,glioma
..\data\Training\glioma\Tr-gl_1389.jpg,glioma
..\data\Training\glioma\Tr-gl_139.jpg,glioma
..\data\Training\glioma\Tr-gl_1390.jpg,glioma
..\data\Training\glioma\Tr-gl_1391.jpg,glioma
..\data\Training\glioma\Tr-gl_1392.jpg,glioma
..\data\Training\glioma\Tr-gl_1393.jpg,glioma
..\data\Training\glioma\Tr-gl_1394.jpg,glioma
..\data\Training\glioma\Tr-gl_1395.jpg,glioma
..\data\Training\glioma\Tr-gl_1396.jpg,glioma
..\data\Training\glioma\Tr-gl_1397.jpg,glioma
..\data\Training\glioma\Tr-gl_1398.jpg,glioma
..\data\Training\glioma\Tr-gl_1399.jpg,glioma
..\data\Training\glioma\Tr-gl_14.jpg,glioma
..\data\Training\glioma\Tr-gl_140.jpg,glioma
..\data\Training\glioma\Tr-gl_1400.jpg,glioma
..\data\Training\glioma\Tr-gl_141.jpg,glioma
..\data\Training\glioma\Tr-gl_142.jpg,glioma
..\data\Training\glioma\Tr-gl_143.jpg,glioma
..\data\Training\glioma\Tr-gl_144.jpg,glioma
..\data\Training\glioma\Tr-gl_145.jpg,glioma
..\data\Training\glioma\Tr-gl_146.jpg,glioma
..\data\Training\glioma\Tr-gl_147.jpg,glioma
..\data\Training\glioma\Tr-gl_148.jpg,glioma
..\data\Training\glioma\Tr-gl_149.jpg,glioma
..\data\Training\glioma\Tr-gl_15.jpg,glioma
..\data\Training\glioma\Tr-gl_150.jpg,glioma
..\data\Training\glioma\Tr-gl_151.jpg,glioma
..\data\Training\glioma\Tr-gl_152.jpg,glioma
..\data\Training\glioma\Tr-gl_153.jpg,glioma
..\data\Training\glioma\Tr-gl_154.jpg,glioma
..\data\Training\glioma\Tr-gl_155.jpg,glioma
..\data\Training\glioma\Tr-gl_156.jpg,glioma
..\data\Training\glioma\Tr-gl_157.jpg,glioma
..\data\Training\glioma\Tr-gl_158.jpg,glioma
..\data\Training\glioma\Tr-gl_159.jpg,glioma
..\data\Training\glioma\Tr-gl_16.jpg,glioma
..\data\Training\glioma\Tr-gl_160.jpg,glioma
..\data\Training\glioma\Tr-gl_161.jpg,glioma
..\data\Training\glioma\Tr-gl_162.jpg,glioma
..\data\Training\glioma\Tr-gl_163.jpg,glioma
..\data\Training\glioma\Tr-gl_164.jpg,glioma
..\data\Training\glioma\Tr-gl_165.jpg,glioma
..\data\Training\glioma\Tr-gl_166.jpg,glioma
..\data\Training\glioma\Tr-gl_167.jpg,glioma
..\data\Training\glioma\Tr-gl_168.jpg,glioma
..\data\Training\glioma\Tr-gl_169.jpg,glioma
..\data\Training\glioma\Tr-gl_17.jpg,glioma
..\data\Training\glioma\Tr-gl_170.jpg,glioma
..\data\Training\glioma\Tr-gl_171.jpg,glioma
..\data\Training\glioma\Tr-gl_172.jpg,glioma
..\data\Training\glioma\Tr-gl_173.jpg,glioma
..\data\Training\glioma\Tr-gl_174.jpg,glioma
..\data\Training\glioma\Tr-gl_175.jpg,glioma
..\data\Training\glioma\Tr-gl_176.jpg,glioma
..\data\Training\glioma\Tr-gl_177.jpg,glioma
..\data\Training\glioma\Tr-gl_178.jpg,glioma
..\data\Training\glioma\Tr-gl_179.jpg,glioma
..\data\Training\glioma\Tr-gl_18.jpg,glioma
..\data\Training\glioma\Tr-gl_180.jpg,glioma
..\data\Training\glioma\Tr-gl_181.jpg,glioma
..\data\Training\glioma\Tr-gl_182.jpg,glioma
..\data\Training\glioma\Tr-gl_183.jpg,glioma
..\data\Training\glioma\Tr-gl_184.jpg,glioma
..\data\Training\glioma\Tr-gl_185.jpg,glioma
..\data\Training\glioma\Tr-gl_186.jpg,glioma
..\data\Training\glioma\Tr-gl_187.jpg,glioma
..\data\Training\glioma\Tr-gl_188.jpg,glioma
..\data\Training\glioma\Tr-gl_189.jpg,glioma
..\data\Training\glioma\Tr-gl_19.jpg,glioma
..\data\Training\glioma\Tr-gl_190.jpg,glioma
..\data\Training\glioma\Tr-gl_191.jpg,glioma
..\data\Training\glioma\Tr-gl_192.jpg,glioma
..\data\Training\glioma\Tr-gl_193.jpg,glioma
..\data\Training\glioma\Tr-gl_194.jpg,glioma
..\data\Training\glioma\Tr-gl_195.jpg,glioma
..\data\Training\glioma\Tr-gl_196.jpg,glioma
..\data\Training\glioma\Tr-gl_197.jpg,glioma
..\data\Training\glioma\Tr-gl_198.jpg,glioma
..\data\Training\glioma\Tr-gl_199.jpg,glioma
..\data\Training\glioma\Tr-gl_2.jpg,glioma
..\data\Training\glioma\Tr-gl_20.jpg,glioma
..\data\Training\glioma\Tr-gl_200.jpg,glioma
..\data\Training\glioma\Tr-gl_201.jpg,glioma
..\data\Training\glioma\Tr-gl_202.jpg,glioma
..\data\Training\glioma\Tr-gl_203.jpg,glioma
..\data\Training\glioma\Tr-gl_204.jpg,glioma
..\data\Training\glioma\Tr-gl_205.jpg,glioma
..\data\Training\glioma\Tr-gl_206.jpg,glioma
..\data\Training\glioma\Tr-gl_207.jpg,glioma
..\data\Training\glioma\Tr-gl_208.jpg,glioma
..\data\Training\glioma\Tr-gl_209.jpg,glioma
..\data\Training\glioma\Tr-gl_21.jpg,glioma
..\data\Training\glioma\Tr-gl_210.jpg,glioma
..\data\Training\glioma\Tr-gl_211.jpg,glioma
..\data\Training\glioma\Tr-gl_212.jpg,glioma
..\data\Training\glioma\Tr-gl_213.jpg,glioma
..\data\Training\glioma\Tr-gl_214.jpg,glioma
..\data\Training\glioma\Tr-gl_215.jpg,glioma
..\data\Training\glioma\Tr-gl_216.jpg,glioma
..\data\Training\glioma\Tr-gl_217.jpg,glioma
..\data\Training\glioma\Tr-gl_218.jpg,glioma
..\data\Training\glioma\Tr-gl_219.jpg,glioma
..\data\Training\glioma\Tr-gl_22.jpg,glioma
..\data\Training\glioma\Tr-gl_220.jpg,glioma
..\data\Training\glioma\Tr-gl_221.jpg,glioma
..\data\Training\glioma\Tr-gl_222.jpg,glioma
..\data\Training\glioma\Tr-gl_223.jpg,glioma
..\data\Training\glioma\Tr-gl_224.jpg,glioma
..\data\Training\glioma\Tr-gl_225.jpg,glioma
..\data\Training\glioma\Tr-gl_226.jpg,glioma
..\data\Training\glioma\Tr-gl_227.jpg,glioma
..\data\Training\glioma\Tr-gl_228.jpg,glioma
..\data\Training\glioma\Tr-gl_229.jpg,glioma
..\data\Training\glioma\Tr-gl_23.jpg,glioma
..\data\Training\glioma\Tr-gl_230.jpg,glioma
..\data\Training\glioma\Tr-gl_231.jpg,glioma
..\data\Training\glioma\Tr-gl_232.jpg,glioma
..\data\Training\glioma\Tr-gl_233.jpg,glioma
..\data\Training\glioma\Tr-gl_234.jpg,glioma
..\data\Training\glioma\Tr-gl_235.jpg,glioma
..\data\Training\glioma\Tr-gl_236.jpg,glioma
..\data\Training\glioma\Tr-gl_237.jpg,glioma
..\data\Training\glioma\Tr-gl_238.jpg,glioma
..\data\Training\glioma\Tr-gl_239.jpg,glioma
..\data\Training\glioma\Tr-gl_24.jpg,glioma
..\data\Training\glioma\Tr-gl_240.jpg,glioma
..\data\Training\glioma\Tr-gl_241.jpg,glioma
..\data\Training\glioma\Tr-gl_242.jpg,glioma
..\data\Training\glioma\Tr-gl_243.jpg,glioma
..\data\Training\glioma\Tr-gl_244.jpg,glioma
..\data\Training\glioma\Tr-gl_245.jpg,glioma
..\data\Training\glioma\Tr-gl_246.jpg,glioma
..\data\Training\glioma\Tr-gl_247.jpg,glioma
..\data\Training\glioma\Tr-gl_248.jpg,glioma
..\data\Training\glioma\Tr-gl_249.jpg,glioma
..\data\Training\glioma\Tr-gl_25.jpg,glioma
..\data\Training\glioma\Tr-gl_250.jpg,glioma
..\data\Training\glioma\Tr-gl_251.jpg,glioma
..\data\Training\glioma\Tr-gl_252.jpg,glioma
..\data\Training\glioma\Tr-gl_253.jpg,glioma
..\data\Training\glioma\Tr-gl_254.jpg,glioma
..\data\Training\glioma\Tr-gl_255.jpg,glioma
..\data\Training\glioma\Tr-gl_256.jpg,glioma
..\data\Training\glioma\Tr-gl_257.jpg,glioma
..\data\Training\glioma\Tr-gl_258.jpg,glioma
..\data\Training\glioma\Tr-gl_259.jpg,glioma
..\data\Training\glioma\Tr-gl_26.jpg,glioma
..\data\Training\glioma\Tr-gl_260.jpg,glioma
..\data\Training\glioma\Tr-gl_261.jpg,glioma
..\data\Training\glioma\Tr-gl_262.jpg,glioma
..\data\Training\glioma\Tr-gl_263.jpg,glioma
..\data\Training\glioma\Tr-gl_264.jpg,glioma
..\data\Training\glioma\Tr-gl_265.jpg,glioma
..\data\Training\glioma\Tr-gl_266.jpg,glioma
..\data\Training\glioma\Tr-gl_267.jpg,glioma
..\data\Training\glioma\Tr-gl_268.jpg,glioma
..\data\Training\glioma\Tr-gl_269.jpg,glioma
..\data\Training\glioma\Tr-gl_27.jpg,glioma
..\data\Training\glioma\Tr-gl_270.jpg,glioma
..\data\Training\glioma\Tr-gl_271.jpg,glioma
..\data\Training\glioma\Tr-gl_272.jpg,glioma
..\data\Training\glioma\Tr-gl_273.jpg,glioma
..\data\Training\glioma\Tr-gl_274.jpg,glioma
..\data\Training\glioma\Tr-gl_275.jpg,glioma
..\data\Training\glioma\Tr-gl_276.jpg,glioma
..\data\Training\glioma\Tr-gl_277.jpg,glioma
..\data\Training\glioma\Tr-gl_278.jpg,glioma
..\data\Training\glioma\Tr-gl_279.jpg,glioma
..\data\Training\glioma\Tr-gl_28.jpg,glioma
..\data\Training\glioma\Tr-gl_280.jpg,glioma
..\data\Training\glioma\Tr-gl_281.jpg,glioma
..\data\Training\glioma\Tr-gl_282.jpg,glioma
..\data\Training\glioma\Tr-gl_283.jpg,glioma
..\data\Training\glioma\Tr-gl_284.jpg,glioma
..\data\Training\glioma\Tr-gl_285.jpg,glioma
..\data\Training\glioma\Tr-gl_286.jpg,glioma
..\data\Training\glioma\Tr-gl_287.jpg,glioma
..\data\Training\glioma\Tr-gl_288.jpg,glioma
..\data\Training\glioma\Tr-gl_289.jpg,glioma
..\data\Training\glioma\Tr-gl_29.jpg,glioma
..\data\Training\glioma\Tr-gl_290.jpg,glioma
..\data\Training\glioma\Tr-gl_291.jpg,glioma
..\data\Training\glioma\Tr-gl_292.jpg,glioma
..\data\Training\glioma\Tr-gl_293.jpg,glioma
..\data\Training\glioma\Tr-gl_294.jpg,glioma
..\data\Training\glioma\Tr-gl_295.jpg,glioma
..\data\Training\glioma\Tr-gl_296.jpg,glioma
..\data\Training\glioma\Tr-gl_297.jpg,glioma
..\data\Training\glioma\Tr-gl_298.jpg,glioma
..\data\Training\glioma\Tr-gl_299.jpg,glioma
..\data\Training\glioma\Tr-gl_3.jpg,glioma
..\data\Training\glioma\Tr-gl_30.jpg,glioma
..\data\Training\glioma\Tr-gl_300.jpg,glioma
..\data\Training\glioma\Tr-gl_301.jpg,glioma
..\data\Training\glioma\Tr-gl_302.jpg,glioma
..\data\Training\glioma\Tr-gl_303.jpg,glioma
..\data\Training\glioma\Tr-gl_304.jpg,glioma
..\data\Training\glioma\Tr-gl_305.jpg,glioma
..\data\Training\glioma\Tr-gl_306.jpg,glioma
..\data\Training\glioma\Tr-gl_307.jpg,glioma
..\data\Training\glioma\Tr-gl_308.jpg,glioma
..\data\Training\glioma\Tr-gl_309.jpg,glioma
..\data\Training\glioma\Tr-gl_31.jpg,glioma
..\data\Training\glioma\Tr-gl_310.jpg,glioma
..\data\Training\glioma\Tr-gl_311.jpg,glioma
..\data\Training\glioma\Tr-gl_312.jpg,glioma
..\data\Training\glioma\Tr-gl_313.jpg,glioma
..\data\Training\glioma\Tr-gl_314.jpg,glioma
..\data\Training\glioma\Tr-gl_315.jpg,glioma
..\data\Training\glioma\Tr-gl_316.jpg,glioma
..\data\Training\glioma\Tr-gl_317.jpg,glioma
..\data\Training\glioma\Tr-gl_318.jpg,glioma
..\data\Training\glioma\Tr-gl_319.jpg,glioma
..\data\Training\glioma\Tr-gl_32.jpg,glioma
..\data\Training\glioma\Tr-gl_320.jpg,glioma
..\data\Training\glioma\Tr-gl_321.jpg,glioma
..\data\Training\glioma\Tr-gl_322.jpg,glioma
..\data\Training\glioma\Tr-gl_323.jpg,glioma
..\data\Training\glioma\Tr-gl_324.jpg,glioma
..\data\Training\glioma\Tr-gl_325.jpg,glioma
..\data\Training\glioma\Tr-gl_326.jpg,glioma
..\data\Training\glioma\Tr-gl_327.jpg,glioma
..\data\Training\glioma\Tr-gl_328.jpg,glioma
..\data\Training\glioma\Tr-gl_329.jpg,glioma
..\data\Training\glioma\Tr-gl_33.jpg,glioma
..\data\Training\glioma\Tr-gl_330.jpg,glioma
..\data\Training\glioma\Tr-gl_331.jpg,glioma
..\data\Training\glioma\Tr-gl_332.jpg,glioma
..\data\Training\glioma\Tr-gl_333.jpg,glioma
..\data\Training\glioma\Tr-gl_334.jpg,glioma
..\data\Training\glioma\Tr-gl_335.jpg,glioma
..\data\Training\glioma\Tr-gl_336.jpg,glioma
..\data\Training\glioma\Tr-gl_337.jpg,glioma
..\data\Training\glioma\Tr-gl_338.jpg,glioma
..\data\Training\glioma\Tr-gl_339.jpg,glioma
..\data\Training\glioma\Tr-gl_34.jpg,glioma
..\data\Training\glioma\Tr-gl_340.jpg,glioma
..\data\Training\glioma\Tr-gl_341.jpg,glioma
..\data\Training\glioma\Tr-gl_342.jpg,glioma
..\data\Training\glioma\Tr-gl_343.jpg,glioma
..\data\Training\glioma\Tr-gl_344.jpg,glioma
..\data\Training\glioma\Tr-gl_345.jpg,glioma
..\data\Training\glioma\Tr-gl_346.jpg,glioma
..\data\Training\glioma\Tr-gl_347.jpg,glioma
..\data\Training\glioma\Tr-gl_348.jpg,glioma
..\data\Training\glioma\Tr-gl_349.jpg,glioma
..\data\Training\glioma\Tr-gl_35.jpg,glioma
..\data\Training\glioma\Tr-gl_350.jpg,glioma
..\data\Training\glioma\Tr-gl_351.jpg,glioma
..\data\Training\glioma\Tr-gl_352.jpg,glioma
..\data\Training\glioma\Tr-gl_353.jpg,glioma
..\data\Training\glioma\Tr-gl_354.jpg,glioma
..\data\Training\glioma\Tr-gl_355.jpg,glioma
..\data\Training\glioma\Tr-gl_356.jpg,glioma
..\data\Training\glioma\Tr-gl_357.jpg,glioma
..\data\Training\glioma\Tr-gl_358.jpg,glioma
..\data\Training\glioma\Tr-gl_359.jpg,glioma
..\data\Training\glioma\Tr-gl_36.jpg,glioma
..\data\Training\glioma\Tr-gl_360.jpg,glioma
..\data\Training\glioma\Tr-gl_361.jpg,glioma
..\data\Training\glioma\Tr-gl_362.jpg,glioma
..\data\Training\glioma\Tr-gl_363.jpg,glioma
..\data\Training\glioma\Tr-gl_364.jpg,glioma
..\data\Training\glioma\Tr-gl_365.jpg,glioma
..\data\Training\glioma\Tr-gl_366.jpg,glioma
..\data\Training\glioma\Tr-gl_367.jpg,glioma
..\data\Training\glioma\Tr-gl_368.jpg,glioma
..\data\Training\glioma\Tr-gl_369.jpg,glioma
..\data\Training\glioma\Tr-gl_37.jpg,glioma
..\data\Training\glioma\Tr-gl_370.jpg,glioma
..\data\Training\glioma\Tr-gl_371.jpg,glioma
..\data\Training\glioma\Tr-gl_372.jpg,glioma
..\data\Training\glioma\Tr-gl_373.jpg,glioma
..\data\Training\glioma\Tr-gl_374.jpg,glioma
..\data\Training\glioma\Tr-gl_375.jpg,glioma
..\data\Training\glioma\Tr-gl_376.jpg,glioma
..\data\Training\glioma\Tr-gl_377.jpg,glioma
..\data\Training\glioma\Tr-gl_378.jpg,glioma
..\data\Training\glioma\Tr-gl_379.jpg,glioma
..\data\Training\glioma\Tr-gl_38.jpg,glioma
..\data\Training\glioma\Tr-gl_380.jpg,glioma
..\data\Training\glioma\Tr-gl_381.jpg,glioma
..\data\Training\glioma\Tr-gl_382.jpg,glioma
..\data\Training\glioma\Tr-gl_383.jpg,glioma
..\data\Training\glioma\Tr-gl_384.jpg,glioma
..\data\Training\glioma\Tr-gl_385.jpg,glioma
..\data\Training\glioma\Tr-gl_386.jpg,glioma
..\data\Training\glioma\Tr-gl_387.jpg,glioma
..\data\Training\glioma\Tr-gl_388.jpg,glioma
..\data\Training\glioma\Tr-gl_389.jpg,glioma
..\data\Training\glioma\Tr-gl_39.jpg,glioma
..\data\Training\glioma\Tr-gl_390.jpg,glioma
..\data\Training\glioma\Tr-gl_391.jpg,glioma
..\data\Training\glioma\Tr-gl_392.jpg,glioma
..\data\Training\glioma\Tr-gl_393.jpg,glioma
..\data\Training\glioma\Tr-gl_394.jpg,glioma
..\data\Training\glioma\Tr-gl_395.jpg,glioma
..\data\Training\glioma\Tr-gl_396.jpg,glioma
..\data\Training\glioma\Tr-gl_397.jpg,glioma
..\data\Training\glioma\Tr-gl_398.jpg,glioma
..\data\Training\glioma\Tr-gl_399.jpg,glioma
..\data\Training\glioma\Tr-gl_4.jpg,glioma
..\data\Training\glioma\Tr-gl_40.jpg,glioma
..\data\Training\glioma\Tr-gl_400.jpg,glioma
..\data\Training\glioma\Tr-gl_401.jpg,glioma
..\data\Training\glioma\Tr-gl_402.jpg,glioma
..\data\Training\glioma\Tr-gl_403.jpg,glioma
..\data\Training\glioma\Tr-gl_404.jpg,glioma
..\data\Training\glioma\Tr-gl_405.jpg,glioma
..\data\Training\glioma\Tr-gl_406.jpg,glioma
..\data\Training\glioma\Tr-gl_407.jpg,glioma
..\data\Training\glioma\Tr-gl_408.jpg,glioma
..\data\Training\glioma\Tr-gl_409.jpg,glioma
..\data\Training\glioma\Tr-gl_41.jpg,glioma
..\data\Training\glioma\Tr-gl_410.jpg,glioma
..\data\Training\glioma\Tr-gl_411.jpg,glioma
..\data\Training\glioma\Tr-gl_412.jpg,glioma
..\data\Training\glioma\Tr-gl_413.jpg,glioma
..\data\Training\glioma\Tr-gl_414.jpg,glioma
..\data\Training\glioma\Tr-gl_415.jpg,glioma
..\data\Training\glioma\Tr-gl_416.jpg,glioma
..\data\Training\glioma\Tr-gl_417.jpg,glioma
..\data\Training\glioma\Tr-gl_418.jpg,glioma
..\data\Training\glioma\Tr-gl_419.jpg,glioma
..\data\Training\glioma\Tr-gl_42.jpg,glioma
..\data\Training\glioma\Tr-gl_420.jpg,glioma
..\data\Training\glioma\Tr-gl_421.jpg,glioma
..\data\Training\glioma\Tr-gl_422.jpg,glioma
..\data\Training\glioma\Tr-gl_423.jpg,glioma
..\data\Training\glioma\Tr-gl_424.jpg,glioma
..\data\Training\glioma\Tr-gl_425.jpg,glioma
..\data\Training\glioma\Tr-gl_426.jpg,glioma
..\data\Training\glioma\Tr-gl_427.jpg,glioma
..\data\Training\glioma\Tr-gl_428.jpg,glioma
..\data\Training\glioma\Tr-gl_429.jpg,glioma
..\data\Training\glioma\Tr-gl_43.jpg,glioma
..\data\Training\glioma\Tr-gl_430.jpg,glioma
..\data\Training\glioma\Tr-gl_431.jpg,glioma
..\data\Training\glioma\Tr-gl_432.jpg,glioma
..\data\Training\glioma\Tr-gl_433.jpg,glioma
..\data\Training\glioma\Tr-gl_434.jpg,glioma
..\data\Training\glioma\Tr-gl_435.jpg,glioma
..\data\Training\glioma\Tr-gl_436.jpg,glioma
..\data\Training\glioma\Tr-gl_437.jpg,glioma
..\data\Training\glioma\Tr-gl_438.jpg,glioma
..\data\Training\glioma\Tr-gl_439.jpg,glioma
..\data\Training\glioma\Tr-gl_44.jpg,glioma
..\data\Training\glioma\Tr-gl_440.jpg,glioma
..\data\Training\glioma\Tr-gl_441.jpg,glioma
..\data\Training\glioma\Tr-gl_442.jpg,glioma
..\data\Training\glioma\Tr-gl_443.jpg,glioma
..\data\Training\glioma\Tr-gl_444.jpg,glioma
..\data\Training\glioma\Tr-gl_445.jpg,glioma
..\data\Training\glioma\Tr-gl_446.jpg,glioma
..\data\Training\glioma\Tr-gl_447.jpg,glioma
..\data\Training\glioma\Tr-gl_448.jpg,glioma
..\data\Training\glioma\Tr-gl_449.jpg,glioma
..\data\Training\glioma\Tr-gl_45.jpg,glioma
..\data\Training\glioma\Tr-gl_450.jpg,glioma
..\data\Training\glioma\Tr-gl_451.jpg,glioma
..\data\Training\glioma\Tr-gl_452.jpg,glioma
..\data\Training\glioma\Tr-gl_453.jpg,glioma
..\data\Training\glioma\Tr-gl_454.jpg,glioma
..\data\Training\glioma\Tr-gl_455.jpg,glioma
..\data\Training\glioma\Tr-gl_456.jpg,glioma
..\data\Training\glioma\Tr-gl_457.jpg,glioma
..\data\Training\glioma\Tr-gl_458.jpg,glioma
..\data\Training\glioma\Tr-gl_459.jpg,glioma
..\data\Training\glioma\Tr-gl_46.jpg,glioma
..\data\Training\glioma\Tr-gl_460.jpg,glioma
..\data\Training\glioma\Tr-gl_461.jpg,glioma
..\data\Training\glioma\Tr-gl_462.jpg,glioma
..\data\Training\glioma\Tr-gl_463.jpg,glioma
..\data\Training\glioma\Tr-gl_464.jpg,glioma
..\data\Training\glioma\Tr-gl_465.jpg,glioma
..\data\Training\glioma\Tr-gl_466.jpg,glioma
..\data\Training\glioma\Tr-gl_467.jpg,glioma
..\data\Training\glioma\Tr-gl_468.jpg,glioma
..\data\Training\glioma\Tr-gl_469.jpg,glioma
..\data\Training\glioma\Tr-gl_47.jpg,glioma
..\data\Training\glioma\Tr-gl_470.jpg,glioma
..\data\Training\glioma\Tr-gl_471.jpg,glioma
..\data\Training\glioma\Tr-gl_472.jpg,glioma
..\data\Training\glioma\Tr-gl_473.jpg,glioma
..\data\Training\glioma\Tr-gl_474.jpg,glioma
..\data\Training\glioma\Tr-gl_475.jpg,glioma
..\data\Training\glioma\Tr-gl_476.jpg,glioma
..\data\Training\glioma\Tr-gl_477.jpg,glioma
..\data\Training\glioma\Tr-gl_478.jpg,glioma
..\data\Training\glioma\Tr-gl_479.jpg,glioma
..\data\Training\glioma\Tr-gl_48.jpg,glioma
..\data\Training\glioma\Tr-gl_480.jpg,glioma
..\data\Training\glioma\Tr-gl_481.jpg,glioma
..\data\Training\glioma\Tr-gl_482.jpg,glioma
..\data\Training\glioma\Tr-gl_483.jpg,glioma
..\data\Training\glioma\Tr-gl_484.jpg,glioma
..\data\Training\glioma\Tr-gl_485.jpg,glioma
..\data\Training\glioma\Tr-gl_486.jpg,glioma
..\data\Training\glioma\Tr-gl_487.jpg,glioma
..\data\Training\glioma\Tr-gl_488.jpg,glioma
..\data\Training\glioma\Tr-gl_489.jpg,glioma
..\data\Training\glioma\Tr-gl_49.jpg,glioma
..\data\Training\glioma\Tr-gl_490.jpg,glioma
..\data\Training\glioma\Tr-gl_491.jpg,glioma
..\data\Training\glioma\Tr-gl_492.jpg,glioma
..\data\Training\glioma\Tr-gl_493.jpg,glioma
..\data\Training\glioma\Tr-gl_494.jpg,glioma
..\data\Training\glioma\Tr-gl_495.jpg,glioma
..\data\Training\glioma\Tr-gl_496.jpg,glioma
..\data\Training\glioma\Tr-gl_497.jpg,glioma
..\data\Training\glioma\Tr-gl_498.jpg,glioma
..\data\Training\glioma\Tr-gl_499.jpg,glioma
..\data\Training\glioma\Tr-gl_5.jpg,glioma
..\data\Training\glioma\Tr-gl_50.jpg,glioma
..\data\Training\glioma\Tr-gl_500.jpg,glioma
..\data\Training\glioma\Tr-gl_501.jpg,glioma
..\data\Training\glioma\Tr-gl_502.jpg,glioma
..\data\Training\glioma\Tr-gl_503.jpg,glioma
..\data\Training\glioma\Tr-gl_504.jpg,glioma
..\data\Training\glioma\Tr-gl_505.jpg,glioma
..\data\Training\glioma\Tr-gl_506.jpg,glioma
..\data\Training\glioma\Tr-gl_507.jpg,glioma
..\data\Training\glioma\Tr-gl_508.jpg,glioma
..\data\Training\glioma\Tr-gl_509.jpg,glioma
..\data\Training\glioma\Tr-gl_51.jpg,glioma
..\data\Training\glioma\Tr-gl_510.jpg,glioma
..\data\Training\glioma\Tr-gl_511.jpg,glioma
..\data\Training\glioma\Tr-gl_512.jpg,glioma
..\data\Training\glioma\Tr-gl_513.jpg,glioma
..\data\Training\glioma\Tr-gl_514.jpg,glioma
..\data\Training\glioma\Tr-gl_515.jpg,glioma
..\data\Training\glioma\Tr-gl_516.jpg,glioma
..\data\Training\glioma\Tr-gl_517.jpg,glioma
..\data\Training\glioma\Tr-gl_518.jpg,glioma
..\data\Training\glioma\Tr-gl_519.jpg,glioma
..\data\Training\glioma\Tr-gl_52.jpg,glioma
..\data\Training\glioma\Tr-gl_520.jpg,glioma
..\data\Training\glioma\Tr-gl_521.jpg,glioma
..\data\Training\glioma\Tr-gl_522.jpg,glioma
..\data\Training\glioma\Tr-gl_523.jpg,glioma
..\data\Training\glioma\Tr-gl_524.jpg,glioma
..\data\Training\glioma\Tr-gl_525.jpg,glioma
..\data\Training\glioma\Tr-gl_526.jpg,glioma
..\data\Training\glioma\Tr-gl_527.jpg,glioma
..\data\Training\glioma\Tr-gl_528.jpg,glioma
..\data\Training\glioma\Tr-gl_529.jpg,glioma
..\data\Training\glioma\Tr-gl_53.jpg,glioma
..\data\Training\glioma\Tr-gl_530.jpg,glioma
..\data\Training\glioma\Tr-gl_531.jpg,glioma
..\data\Training\glioma\Tr-gl_532.jpg,glioma
..\data\Training\glioma\Tr-gl_533.jpg,glioma
..\data\Training\glioma\Tr-gl_534.jpg,glioma
..\data\Training\glioma\Tr-gl_535.jpg,glioma
..\data\Training\glioma\Tr-gl_536.jpg,glioma
..\data\Training\glioma\Tr-gl_537.jpg,glioma
..\data\Training\glioma\Tr-gl_538.jpg,glioma
..\data\Training\glioma\Tr-gl_539.jpg,glioma
..\data\Training\glioma\Tr-gl_54.jpg,glioma
..\data\Training\glioma\Tr-gl_540.jpg,glioma
..\data\Training\glioma\Tr-gl_541.jpg,glioma
..\data\Training\glioma\Tr-gl_542.jpg,glioma
..\data\Training\glioma\Tr-gl_543.jpg,glioma
..\data\Training\glioma\Tr-gl_544.jpg,glioma
..\data\Training\glioma\Tr-gl_545.jpg,glioma
..\data\Training\glioma\Tr-gl_546.jpg,glioma
..\data\Training\glioma\Tr-gl_547.jpg,glioma
..\data\Training\glioma\Tr-gl_548.jpg,glioma
..\data\Training\glioma\Tr-gl_549.jpg,glioma
..\data\Training\glioma\Tr-gl_55.jpg,glioma
..\data\Training\glioma\Tr-gl_550.jpg,glioma
..\data\Training\glioma\Tr-gl_551.jpg,glioma
..\data\Training\glioma\Tr-gl_552.jpg,glioma
..\data\Training\glioma\Tr-gl_553.jpg,glioma
..\data\Training\glioma\Tr-gl_554.jpg,glioma
..\data\Training\glioma\Tr-gl_555.jpg,glioma
..\data\Training\glioma\Tr-gl_556.jpg,glioma
..\data\Training\glioma\Tr-gl_557.jpg,glioma
..\data\Training\glioma\Tr-gl_558.jpg,glioma
..\data\Training\glioma\Tr-gl_559.jpg,glioma
..\data\Training\glioma\Tr-gl_56.jpg,glioma
..\data\Training\glioma\Tr-gl_560.jpg,glioma
..\data\Training\glioma\Tr-gl_561.jpg,glioma
..\data\Training\glioma\Tr-gl_562.jpg,glioma
..\data\Training\glioma\Tr-gl_563.jpg,glioma
..\data\Training\glioma\Tr-gl_564.jpg,glioma
..\data\Training\glioma\Tr-gl_565.jpg,glioma
..\data\Training\glioma\Tr-gl_566.jpg,glioma
..\data\Training\glioma\Tr-gl_567.jpg,glioma
..\data\Training\glioma\Tr-gl_568.jpg,glioma
..\data\Training\glioma\Tr-gl_569.jpg,glioma
..\data\Training\glioma\Tr-gl_57.jpg,glioma
..\data\Training\glioma\Tr-gl_570.jpg,glioma
..\data\Training\glioma\Tr-gl_571.jpg,glioma
..\data\Training\glioma\Tr-gl_572.jpg,glioma
..\data\Training\glioma\Tr-gl_573.jpg,glioma
..\data\Training\glioma\Tr-gl_574.jpg,glioma
..\data\Training\glioma\Tr-gl_575.jpg,glioma
..\data\Training\glioma\Tr-gl_576.jpg,glioma
..\data\Training\glioma\Tr-gl_577.jpg,glioma
..\data\Training\glioma\Tr-gl_578.jpg,glioma
..\data\Training\glioma\Tr-gl_579.jpg,glioma
..\data\Training\glioma\Tr-gl_58.jpg,glioma
..\data\Training\glioma\Tr-gl_580.jpg,glioma
..\data\Training\glioma\Tr-gl_581.jpg,glioma
..\data\Training\glioma\Tr-gl_582.jpg,glioma
..\data\Training\glioma\Tr-gl_583.jpg,glioma
..\data\Training\glioma\Tr-gl_584.jpg,glioma
..\data\Training\glioma\Tr-gl_585.jpg,glioma
..\data\Training\glioma\Tr-gl_586.jpg,glioma
..\data\Training\glioma\Tr-gl_587.jpg,glioma
..\data\Training\glioma\Tr-gl_588.jpg,glioma
..\data\Training\glioma\Tr-gl_589.jpg,glioma
..\data\Training\glioma\Tr-gl_59.jpg,glioma
..\data\Training\glioma\Tr-gl_590.jpg,glioma
..\data\Training\glioma\Tr-gl_591.jpg,glioma
..\data\Training\glioma\Tr-gl_592.jpg,glioma
..\data\Training\glioma\Tr-gl_593.jpg,glioma
..\data\Training\glioma\Tr-gl_594.jpg,glioma
..\data\Training\glioma\Tr-gl_595.jpg,glioma
..\data\Training\glioma\Tr-gl_596.jpg,glioma
..\data\Training\glioma\Tr-gl_597.jpg,glioma
..\data\Training\glioma\Tr-gl_598.jpg,glioma
..\data\Training\glioma\Tr-gl_599.jpg,glioma
..\data\Training\glioma\Tr-gl_6.jpg,glioma
..\data\Training\glioma\Tr-gl_60.jpg,glioma
..\data\Training\glioma\Tr-gl_600.jpg,glioma
..\data\Training\glioma\Tr-gl_601.jpg,glioma
..\data\Training\glioma\Tr-gl_602.jpg,glioma
..\data\Training\glioma\Tr-gl_603.jpg,glioma
..\data\Training\glioma\Tr-gl_604.jpg,glioma
..\data\Training\glioma\Tr-gl_605.jpg,glioma
..\data\Training\glioma\Tr-gl_606.jpg,glioma
..\data\Training\glioma\Tr-gl_607.jpg,glioma
..\data\Training\glioma\Tr-gl_608.jpg,glioma
..\data\Training\glioma\Tr-gl_609.jpg,glioma
..\data\Training\glioma\Tr-gl_61.jpg,glioma
..\data\Training\glioma\Tr-gl_610.jpg,glioma
..\data\Training\glioma\Tr-gl_611.jpg,glioma
..\data\Training\glioma\Tr-gl_612.jpg,glioma
..\data\Training\glioma\Tr-gl_613.jpg,glioma
..\data\Training\glioma\Tr-gl_614.jpg,glioma
..\data\Training\glioma\Tr-gl_615.jpg,glioma
..\data\Training\glioma\Tr-gl_616.jpg,glioma
..\data\Training\glioma\Tr-gl_617.jpg,glioma
..\data\Training\glioma\Tr-gl_618.jpg,glioma
..\data\Training\glioma\Tr-gl_619.jpg,glioma
..\data\Training\glioma\Tr-gl_62.jpg,glioma
..\data\Training\glioma\Tr-gl_620.jpg,glioma
..\data\Training\glioma\Tr-gl_621.jpg,glioma
..\data\Training\glioma\Tr-gl_622.jpg,glioma
..\data\Training\glioma\Tr-gl_623.jpg,glioma
..\data\Training\glioma\Tr-gl_624.jpg,glioma
..\data\Training\glioma\Tr-gl_625.jpg,glioma
..\data\Training\glioma\Tr-gl_626.jpg,glioma
..\data\Training\glioma\Tr-gl_627.jpg,glioma
..\data\Training\glioma\Tr-gl_628.jpg,glioma
..\data\Training\glioma\Tr-gl_629.jpg,glioma
..\data\Training\glioma\Tr-gl_63.jpg,glioma
..\data\Training\glioma\Tr-gl_630.jpg,glioma
..\data\Training\glioma\Tr-gl_631.jpg,glioma
..\data\Training\glioma\Tr-gl_632.jpg,glioma
..\data\Training\glioma\Tr-gl_633.jpg,glioma
..\data\Training\glioma\Tr-gl_634.jpg,glioma
..\data\Training\glioma\Tr-gl_635.jpg,glioma
..\data\Training\glioma\Tr-gl_636.jpg,glioma
..\data\Training\glioma\Tr-gl_637.jpg,glioma
..\data\Training\glioma\Tr-gl_638.jpg,glioma
..\data\Training\glioma\Tr-gl_639.jpg,glioma
..\data\Training\glioma\Tr-gl_64.jpg,glioma
..\data\Training\glioma\Tr-gl_640.jpg,glioma
..\data\Training\glioma\Tr-gl_641.jpg,glioma
..\data\Training\glioma\Tr-gl_642.jpg,glioma
..\data\Training\glioma\Tr-gl_643.jpg,glioma
..\data\Training\glioma\Tr-gl_644.jpg,glioma
..\data\Training\glioma\Tr-gl_645.jpg,glioma
..\data\Training\glioma\Tr-gl_646.jpg,glioma
..\data\Training\glioma\Tr-gl_647.jpg,glioma
..\data\Training\glioma\Tr-gl_648.jpg,glioma
..\data\Training\glioma\Tr-gl_649.jpg,glioma
..\data\Training\glioma\Tr-gl_65.jpg,glioma
..\data\Training\glioma\Tr-gl_650.jpg,glioma
..\data\Training\glioma\Tr-gl_651.jpg,glioma
..\data\Training\glioma\Tr-gl_652.jpg,glioma
..\data\Training\glioma\Tr-gl_653.jpg,glioma
..\data\Training\glioma\Tr-gl_654.jpg,glioma
..\data\Training\glioma\Tr-gl_655.jpg,glioma
..\data\Training\glioma\Tr-gl_656.jpg,glioma
..\data\Training\glioma\Tr-gl_657.jpg,glioma
..\data\Training\glioma\Tr-gl_658.jpg,glioma
..\data\Training\glioma\Tr-gl_659.jpg,glioma
..\data\Training\glioma\Tr-gl_66.jpg,glioma
..\data\Training\glioma\Tr-gl_660.jpg,glioma
..\data\Training\glioma\Tr-gl_661.jpg,glioma
..\data\Training\glioma\Tr-gl_662.jpg,glioma
..\data\Training\glioma\Tr-gl_663.jpg,glioma
..\data\Training\glioma\Tr-gl_664.jpg,glioma
..\data\Training\glioma\Tr-gl_665.jpg,glioma
..\data\Training\glioma\Tr-gl_666.jpg,glioma
..\data\Training\glioma\Tr-gl_667.jpg,glioma
..\data\Training\glioma\Tr-gl_668.jpg,glioma
..\data\Training\glioma\Tr-gl_669.jpg,glioma
..\data\Training\glioma\Tr-gl_67.jpg,glioma
..\data\Training\glioma\Tr-gl_670.jpg,glioma
..\data\Training\glioma\Tr-gl_671.jpg,glioma
..\data\Training\glioma\Tr-gl_672.jpg,glioma
..\data\Training\glioma\Tr-gl_673.jpg,glioma
..\data\Training\glioma\Tr-gl_674.jpg,glioma
..\data\Training\glioma\Tr-gl_675.jpg,glioma
..\data\Training\glioma\Tr-gl_676.jpg,glioma
..\data\Training\glioma\Tr-gl_677.jpg,glioma
..\data\Training\glioma\Tr-gl_678.jpg,glioma
..\data\Training\glioma\Tr-gl_679.jpg,glioma
..\data\Training\glioma\Tr-gl_68.jpg,glioma
..\data\Training\glioma\Tr-gl_680.jpg,glioma
..\data\Training\glioma\Tr-gl_681.jpg,glioma
..\data\Training\glioma\Tr-gl_682.jpg,glioma
..\data\Training\glioma\Tr-gl_683.jpg,glioma
..\data\Training\glioma\Tr-gl_684.jpg,glioma
..\data\Training\glioma\Tr-gl_685.jpg,glioma
..\data\Training\glioma\Tr-gl_686.jpg,glioma
..\data\Training\glioma\Tr-gl_687.jpg,glioma
..\data\Training\glioma\Tr-gl_688.jpg,glioma
..\data\Training\glioma\Tr-gl_689.jpg,glioma
..\data\Training\glioma\Tr-gl_69.jpg,glioma
..\data\Training\glioma\Tr-gl_690.jpg,glioma
..\data\Training\glioma\Tr-gl_691.jpg,glioma
..\data\Training\glioma\Tr-gl_692.jpg,glioma
..\data\Training\glioma\Tr-gl_693.jpg,glioma
..\data\Training\glioma\Tr-gl_694.jpg,glioma
..\data\Training\glioma\Tr-gl_695.jpg,glioma
..\data\Training\glioma\Tr-gl_696.jpg,glioma
..\data\Training\glioma\Tr-gl_697.jpg,glioma
..\data\Training\glioma\Tr-gl_698.jpg,glioma
..\data\Training\glioma\Tr-gl_699.jpg,glioma
..\data\Training\glioma\Tr-gl_7.jpg,glioma
..\data\Training\glioma\Tr-gl_70.jpg,glioma
..\data\Training\glioma\Tr-gl_700.jpg,glioma
..\data\Training\glioma\Tr-gl_701.jpg,glioma
..\data\Training\glioma\Tr-gl_702.jpg,glioma
..\data\Training\glioma\Tr-gl_703.jpg,glioma
..\data\Training\glioma\Tr-gl_704.jpg,glioma
..\data\Training\glioma\Tr-gl_705.jpg,glioma
..\data\Training\glioma\Tr-gl_706.jpg,glioma
..\data\Training\glioma\Tr-gl_707.jpg,glioma
..\data\Training\glioma\Tr-gl_708.jpg,glioma
..\data\Training\glioma\Tr-gl_709.jpg,glioma
..\data\Training\glioma\Tr-gl_71.jpg,glioma
..\data\Training\glioma\Tr-gl_710.jpg,glioma
..\data\Training\glioma\Tr-gl_711.jpg,glioma
..\data\Training\glioma\Tr-gl_712.jpg,glioma
..\data\Training\glioma\Tr-gl_713.jpg,glioma
..\data\Training\glioma\Tr-gl_714.jpg,glioma
..\data\Training\glioma\Tr-gl_715.jpg,glioma
..\data\Training\glioma\Tr-gl_716.jpg,glioma
..\data\Training\glioma\Tr-gl_717.jpg,glioma
..\data\Training\glioma\Tr-gl_718.jpg,glioma
..\data\Training\glioma\Tr-gl_719.jpg,glioma
..\data\Training\glioma\Tr-gl_72.jpg,glioma
..\data\Training\glioma\Tr-gl_720.jpg,glioma
..\data\Training\glioma\Tr-gl_721.jpg,glioma
..\data\Training\glioma\Tr-gl_722.jpg,glioma
..\data\Training\glioma\Tr-gl_723.jpg,glioma
..\data\Training\glioma\Tr-gl_724.jpg,glioma
..\data\Training\glioma\Tr-gl_725.jpg,glioma
..\data\Training\glioma\Tr-gl_726.jpg,glioma
..\data\Training\glioma\Tr-gl_727.jpg,glioma
..\data\Training\glioma\Tr-gl_728.jpg,glioma
..\data\Training\glioma\Tr-gl_729.jpg,glioma
..\data\Training\glioma\Tr-gl_73.jpg,glioma
..\data\Training\glioma\Tr-gl_730.jpg,glioma
..\data\Training\glioma\Tr-gl_731.jpg,glioma
..\data\Training\glioma\Tr-gl_732.jpg,glioma
..\data\Training\glioma\Tr-gl_733.jpg,glioma
..\data\Training\glioma\Tr-gl_734.jpg,glioma
..\data\Training\glioma\Tr-gl_735.jpg,glioma
..\data\Training\glioma\Tr-gl_736.jpg,glioma
..\data\Training\glioma\Tr-gl_737.jpg,glioma
..\data\Training\glioma\Tr-gl_738.jpg,glioma
..\data\Training\glioma\Tr-gl_739.jpg,glioma
..\data\Training\glioma\Tr-gl_74.jpg,glioma
..\data\Training\glioma\Tr-gl_740.jpg,glioma
..\data\Training\glioma\Tr-gl_741.jpg,glioma
..\data\Training\glioma\Tr-gl_742.jpg,glioma
..\data\Training\glioma\Tr-gl_743.jpg,glioma
..\data\Training\glioma\Tr-gl_744.jpg,glioma
..\data\Training\glioma\Tr-gl_745.jpg,glioma
..\data\Training\glioma\Tr-gl_746.jpg,glioma
..\data\Training\glioma\Tr-gl_747.jpg,glioma
..\data\Training\glioma\Tr-gl_748.jpg,glioma
..\data\Training\glioma\Tr-gl_749.jpg,glioma
..\data\Training\glioma\Tr-gl_75.jpg,glioma
..\data\Training\glioma\Tr-gl_750.jpg,glioma
..\data\Training\glioma\Tr-gl_751.jpg,glioma
..\data\Training\glioma\Tr-gl_752.jpg,glioma
..\data\Training\glioma\Tr-gl_753.jpg,glioma
..\data\Training\glioma\Tr-gl_754.jpg,glioma
..\data\Training\glioma\Tr-gl_755.jpg,glioma
..\data\Training\glioma\Tr-gl_756.jpg,glioma
..\data\Training\glioma\Tr-gl_757.jpg,glioma
..\data\Training\glioma\Tr-gl_758.jpg,glioma
..\data\Training\glioma\Tr-gl_759.jpg,glioma
..\data\Training\glioma\Tr-gl_76.jpg,glioma
..\data\Training\glioma\Tr-gl_760.jpg,glioma
..\data\Training\glioma\Tr-gl_761.jpg,glioma
..\data\Training\glioma\Tr-gl_762.jpg,glioma
..\data\Training\glioma\Tr-gl_763.jpg,glioma
..\data\Training\glioma\Tr-gl_764.jpg,glioma
..\data\Training\glioma\Tr-gl_765.jpg,glioma
..\data\Training\glioma\Tr-gl_766.jpg,glioma
..\data\Training\glioma\Tr-gl_767.jpg,glioma
..\data\Training\glioma\Tr-gl_768.jpg,glioma
..\data\Training\glioma\Tr-gl_769.jpg,glioma
..\data\Training\glioma\Tr-gl_77.jpg,glioma
..\data\Training\glioma\Tr-gl_770.jpg,glioma
..\data\Training\glioma\Tr-gl_771.jpg,glioma
..\data\Training\glioma\Tr-gl_772.jpg,glioma
..\data\Training\glioma\Tr-gl_773.jpg,glioma
..\data\Training\glioma\Tr-gl_774.jpg,glioma
..\data\Training\glioma\Tr-gl_775.jpg,glioma
..\data\Training\glioma\Tr-gl_776.jpg,glioma
..\data\Training\glioma\Tr-gl_777.jpg,glioma
..\data\Training\glioma\Tr-gl_778.jpg,glioma
..\data\Training\glioma\Tr-gl_779.jpg,glioma
..\data\Training\glioma\Tr-gl_78.jpg,glioma
..\data\Training\glioma\Tr-gl_780.jpg,glioma
..\data\Training\glioma\Tr-gl_781.jpg,glioma
..\data\Training\glioma\Tr-gl_782.jpg,glioma
..\data\Training\glioma\Tr-gl_783.jpg,glioma
..\data\Training\glioma\Tr-gl_784.jpg,glioma
..\data\Training\glioma\Tr-gl_785.jpg,glioma
..\data\Training\glioma\Tr-gl_786.jpg,glioma
..\data\Training\glioma\Tr-gl_787.jpg,glioma
..\data\Training\glioma\Tr-gl_788.jpg,glioma
..\data\Training\glioma\Tr-gl_789.jpg,glioma
..\data\Training\glioma\Tr-gl_79.jpg,glioma
..\data\Training\glioma\Tr-gl_790.jpg,glioma
..\data\Training\glioma\Tr-gl_791.jpg,glioma
..\data\Training\glioma\Tr-gl_792.jpg,glioma
..\data\Training\glioma\Tr-gl_793.jpg,glioma
..\data\Training\glioma\Tr-gl_794.jpg,glioma
..\data\Training\glioma\Tr-gl_795.jpg,glioma
..\data\Training\glioma\Tr-gl_796.jpg,glioma
..\data\Training\glioma\Tr-gl_797.jpg,glioma
..\data\Training\glioma\Tr-gl_798.jpg,glioma
..\data\Training\glioma\Tr-gl_799.jpg,glioma
..\data\Training\glioma\Tr-gl_8.jpg,glioma
..\data\Training\glioma\Tr-gl_80.jpg,glioma
..\data\Training\glioma\Tr-gl_800.jpg,glioma
..\data\Training\glioma\Tr-gl_801.jpg,glioma
..\data\Training\glioma\Tr-gl_802.jpg,glioma
..\data\Training\glioma\Tr-gl_803.jpg,glioma
..\data\Training\glioma\Tr-gl_804.jpg,glioma
..\data\Training\glioma\Tr-gl_805.jpg,glioma
..\data\Training\glioma\Tr-gl_806.jpg,glioma
..\data\Training\glioma\Tr-gl_807.jpg,glioma
..\data\Training\glioma\Tr-gl_808.jpg,glioma
..\data\Training\glioma\Tr-gl_809.jpg,glioma
..\data\Training\glioma\Tr-gl_81.jpg,glioma
..\data\Training\glioma\Tr-gl_810.jpg,glioma
..\data\Training\glioma\Tr-gl_811.jpg,glioma
..\data\Training\glioma\Tr-gl_812.jpg,glioma
..\data\Training\glioma\Tr-gl_813.jpg,glioma
..\data\Training\glioma\Tr-gl_814.jpg,glioma
..\data\Training\glioma\Tr-gl_815.jpg,glioma
..\data\Training\glioma\Tr-gl_816.jpg,glioma
..\data\Training\glioma\Tr-gl_817.jpg,glioma
..\data\Training\glioma\Tr-gl_818.jpg,glioma
..\data\Training\glioma\Tr-gl_819.jpg,glioma
..\data\Training\glioma\Tr-gl_82.jpg,glioma
..\data\Training\glioma\Tr-gl_820.jpg,glioma
..\data\Training\glioma\Tr-gl_821.jpg,glioma
..\data\Training\glioma\Tr-gl_822.jpg,glioma
..\data\Training\glioma\Tr-gl_823.jpg,glioma
..\data\Training\glioma\Tr-gl_824.jpg,glioma
..\data\Training\glioma\Tr-gl_825.jpg,glioma
..\data\Training\glioma\Tr-gl_826.jpg,glioma
..\data\Training\glioma\Tr-gl_827.jpg,glioma
..\data\Training\glioma\Tr-gl_828.jpg,glioma
..\data\Training\glioma\Tr-gl_829.jpg,glioma
..\data\Training\glioma\Tr-gl_83.jpg,glioma
..\data\Training\glioma\Tr-gl_830.jpg,glioma
..\data\Training\glioma\Tr-gl_831.jpg,glioma
..\data\Training\glioma\Tr-gl_832.jpg,glioma
..\data\Training\glioma\Tr-gl_833.jpg,glioma
..\data\Training\glioma\Tr-gl_834.jpg,glioma
..\data\Training\glioma\Tr-gl_835.jpg,glioma
..\data\Training\glioma\Tr-gl_836.jpg,glioma
..\data\Training\glioma\Tr-gl_837.jpg,glioma
..\data\Training\glioma\Tr-gl_838.jpg,glioma
..\data\Training\glioma\Tr-gl_839.jpg,glioma
..\data\Training\glioma\Tr-gl_84.jpg,glioma
..\data\Training\glioma\Tr-gl_840.jpg,glioma
..\data\Training\glioma\Tr-gl_841.jpg,glioma
..\data\Training\glioma\Tr-gl_842.jpg,glioma
..\data\Training\glioma\Tr-gl_843.jpg,glioma
..\data\Training\glioma\Tr-gl_844.jpg,glioma
..\data\Training\glioma\Tr-gl_845.jpg,glioma
..\data\Training\glioma\Tr-gl_846.jpg,glioma
..\data\Training\glioma\Tr-gl_847.jpg,glioma
..\data\Training\glioma\Tr-gl_848.jpg,glioma
..\data\Training\glioma\Tr-gl_849.jpg,glioma
..\data\Training\glioma\Tr-gl_85.jpg,glioma
..\data\Training\glioma\Tr-gl_850.jpg,glioma
..\data\Training\glioma\Tr-gl_851.jpg,glioma
..\data\Training\glioma\Tr-gl_852.jpg,glioma
..\data\Training\glioma\Tr-gl_853.jpg,glioma
..\data\Training\glioma\Tr-gl_854.jpg,glioma
..\data\Training\glioma\Tr-gl_855.jpg,glioma
..\data\Training\glioma\Tr-gl_856.jpg,glioma
..\data\Training\glioma\Tr-gl_857.jpg,glioma
..\data\Training\glioma\Tr-gl_858.jpg,glioma
..\data\Training\glioma\Tr-gl_859.jpg,glioma
..\data\Training\glioma\Tr-gl_86.jpg,glioma
..\data\Training\glioma\Tr-gl_860.jpg,glioma
..\data\Training\glioma\Tr-gl_861.jpg,glioma
..\data\Training\glioma\Tr-gl_862.jpg,glioma
..\data\Training\glioma\Tr-gl_863.jpg,glioma
..\data\Training\glioma\Tr-gl_864.jpg,glioma
..\data\Training\glioma\Tr-gl_865.jpg,glioma
..\data\Training\glioma\Tr-gl_866.jpg,glioma
..\data\Training\glioma\Tr-gl_867.jpg,glioma
..\data\Training\glioma\Tr-gl_868.jpg,glioma
..\data\Training\glioma\Tr-gl_869.jpg,glioma
..\data\Training\glioma\Tr-gl_87.jpg,glioma
..\data\Training\glioma\Tr-gl_870.jpg,glioma
..\data\Training\glioma\Tr-gl_871.jpg,glioma
..\data\Training\glioma\Tr-gl_872.jpg,glioma
..\data\Training\glioma\Tr-gl_873.jpg,glioma
..\data\Training\glioma\Tr-gl_874.jpg,glioma
..\data\Training\glioma\Tr-gl_875.jpg,glioma
..\data\Training\glioma\Tr-gl_876.jpg,glioma
..\data\Training\glioma\Tr-gl_877.jpg,glioma
..\data\Training\glioma\Tr-gl_878.jpg,glioma
..\data\Training\glioma\Tr-gl_879.jpg,glioma
..\data\Training\glioma\Tr-gl_88.jpg,glioma
..\data\Training\glioma\Tr-gl_880.jpg,glioma
..\data\Training\glioma\Tr-gl_881.jpg,glioma
..\data\Training\glioma\Tr-gl_882.jpg,glioma
..\data\Training\glioma\Tr-gl_883.jpg,glioma
..\data\Training\glioma\Tr-gl_884.jpg,glioma
..\data\Training\glioma\Tr-gl_885.jpg,glioma
..\data\Training\glioma\Tr-gl_886.jpg,glioma
..\data\Training\glioma\Tr-gl_887.jpg,glioma
..\data\Training\glioma\Tr-gl_888.jpg,glioma
..\data\Training\glioma\Tr-gl_889.jpg,glioma
..\data\Training\glioma\Tr-gl_89.jpg,glioma
..\data\Training\glioma\Tr-gl_890.jpg,glioma
..\data\Training\glioma\Tr-gl_891.jpg,glioma
..\data\Training\glioma\Tr-gl_892.jpg,glioma
..\data\Training\glioma\Tr-gl_893.jpg,glioma
..\data\Training\glioma\Tr-gl_894.jpg,glioma
..\data\Training\glioma\Tr-gl_895.jpg,glioma
..\data\Training\glioma\Tr-gl_896.jpg,glioma
..\data\Training\glioma\Tr-gl_897.jpg,glioma
..\data\Training\glioma\Tr-gl_898.jpg,glioma
..\data\Training\glioma\Tr-gl_899.jpg,glioma
..\data\Training\glioma\Tr-gl_9.jpg,glioma
..\data\Training\glioma\Tr-gl_90.jpg,glioma
..\data\Training\glioma\Tr-gl_900.jpg,glioma
..\data\Training\glioma\Tr-gl_901.jpg,glioma
..\data\Training\glioma\Tr-gl_902.jpg,glioma
..\data\Training\glioma\Tr-gl_903.jpg,glioma
..\data\Training\glioma\Tr-gl_904.jpg,glioma
..\data\Training\glioma\Tr-gl_905.jpg,glioma
..\data\Training\glioma\Tr-gl_906.jpg,glioma
..\data\Training\glioma\Tr-gl_907.jpg,glioma
..\data\Training\glioma\Tr-gl_908.jpg,glioma
..\data\Training\glioma\Tr-gl_909.jpg,glioma
..\data\Training\glioma\Tr-gl_91.jpg,glioma
..\data\Training\glioma\Tr-gl_910.jpg,glioma
..\data\Training\glioma\Tr-gl_911.jpg,glioma
..\data\Training\glioma\Tr-gl_912.jpg,glioma
..\data\Training\glioma\Tr-gl_913.jpg,glioma
..\data\Training\glioma\Tr-gl_914.jpg,glioma
..\data\Training\glioma\Tr-gl_915.jpg,glioma
..\data\Training\glioma\Tr-gl_916.jpg,glioma
..\data\Training\glioma\Tr-gl_917.jpg,glioma
..\data\Training\glioma\Tr-gl_918.jpg,glioma
..\data\Training\glioma\Tr-gl_919.jpg,glioma
..\data\Training\glioma\Tr-gl_92.jpg,glioma
..\data\Training\glioma\Tr-gl_920.jpg,glioma
..\data\Training\glioma\Tr-gl_921.jpg,glioma
..\data\Training\glioma\Tr-gl_922.jpg,glioma
..\data\Training\glioma\Tr-gl_923.jpg,glioma
..\data\Training\glioma\Tr-gl_924.jpg,glioma
..\data\Training\glioma\Tr-gl_925.jpg,glioma
..\data\Training\glioma\Tr-gl_926.jpg,glioma
..\data\Training\glioma\Tr-gl_927.jpg,glioma
..\data\Training\glioma\Tr-gl_928.jpg,glioma
..\data\Training\glioma\Tr-gl_929.jpg,glioma
..\data\Training\glioma\Tr-gl_93.jpg,glioma
..\data\Training\glioma\Tr-gl_930.jpg,glioma
..\data\Training\glioma\Tr-gl_931.jpg,glioma
..\data\Training\glioma\Tr-gl_932.jpg,glioma
..\data\Training\glioma\Tr-gl_933.jpg,glioma
..\data\Training\glioma\Tr-gl_934.jpg,glioma
..\data\Training\glioma\Tr-gl_935.jpg,glioma
..\data\Training\glioma\Tr-gl_936.jpg,glioma
..\data\Training\glioma\Tr-gl_937.jpg,glioma
..\data\Training\glioma\Tr-gl_938.jpg,glioma
..\data\Training\glioma\Tr-gl_939.jpg,glioma
..\data\Training\glioma\Tr-gl_94.jpg,glioma
..\data\Training\glioma\Tr-gl_940.jpg,glioma
..\data\Training\glioma\Tr-gl_941.jpg,glioma
..\data\Training\glioma\Tr-gl_942.jpg,glioma
..\data\Training\glioma\Tr-gl_943.jpg,glioma
..\data\Training\glioma\Tr-gl_944.jpg,glioma
..\data\Training\glioma\Tr-gl_945.jpg,glioma
..\data\Training\glioma\Tr-gl_946.jpg,glioma
..\data\Training\glioma\Tr-gl_947.jpg,glioma
..\data\Training\glioma\Tr-gl_948.jpg,glioma
..\data\Training\glioma\Tr-gl_949.jpg,glioma
..\data\Training\glioma\Tr-gl_95.jpg,glioma
..\data\Training\glioma\Tr-gl_950.jpg,glioma
..\data\Training\glioma\Tr-gl_951.jpg,glioma
..\data\Training\glioma\Tr-gl_952.jpg,glioma
..\data\Training\glioma\Tr-gl_953.jpg,glioma
..\data\Training\glioma\Tr-gl_954.jpg,glioma
..\data\Training\glioma\Tr-gl_955.jpg,glioma
..\data\Training\glioma\Tr-gl_956.jpg,glioma
..\data\Training\glioma\Tr-gl_957.jpg,glioma
..\data\Training\glioma\Tr-gl_958.jpg,glioma
..\data\Training\glioma\Tr-gl_959.jpg,glioma
..\data\Training\glioma\Tr-gl_96.jpg,glioma
..\data\Training\glioma\Tr-gl_960.jpg,glioma
..\data\Training\glioma\Tr-gl_961.jpg,glioma
..\data\Training\glioma\Tr-gl_962.jpg,glioma
..\data\Training\glioma\Tr-gl_963.jpg,glioma
..\data\Training\glioma\Tr-gl_964.jpg,glioma
..\data\Training\glioma\Tr-gl_965.jpg,glioma
..\data\Training\glioma\Tr-gl_966.jpg,glioma
..\data\Training\glioma\Tr-gl_967.jpg,glioma
..\data\Training\glioma\Tr-gl_968.jpg,glioma
..\data\Training\glioma\Tr-gl_969.jpg,glioma
..\data\Training\glioma\Tr-gl_97.jpg,glioma
..\data\Training\glioma\Tr-gl_970.jpg,glioma
..\data\Training\glioma\Tr-gl_971.jpg,glioma
..\data\Training\glioma\Tr-gl_972.jpg,glioma
..\data\Training\glioma\Tr-gl_973.jpg,glioma
..\data\Training\glioma\Tr-gl_974.jpg,glioma
..\data\Training\glioma\Tr-gl_975.jpg,glioma
..\data\Training\glioma\Tr-gl_976.jpg,glioma
..\data\Training\glioma\Tr-gl_977.jpg,glioma
..\data\Training\glioma\Tr-gl_978.jpg,glioma
..\data\Training\glioma\Tr-gl_979.jpg,glioma
..\data\Training\glioma\Tr-gl_98.jpg,glioma
..\data\Training\glioma\Tr-gl_980.jpg,glioma
..\data\Training\glioma\Tr-gl_981.jpg,glioma
..\data\Training\glioma\Tr-gl_982.jpg,glioma
..\data\Training\glioma\Tr-gl_983.jpg,glioma
..\data\Training\glioma\Tr-gl_984.jpg,glioma
..\data\Training\glioma\Tr-gl_985.jpg,glioma
..\data\Training\glioma\Tr-gl_986.jpg,glioma
..\data\Training\glioma\Tr-gl_987.jpg,glioma
..\data\Training\glioma\Tr-gl_988.jpg,glioma
..\data\Training\glioma\Tr-gl_989.jpg,glioma
..\data\Training\glioma\Tr-gl_99.jpg,glioma
..\data\Training\glioma\Tr-gl_990.jpg,glioma
..\data\Training\glioma\Tr-gl_991.jpg,glioma
..\data\Training\glioma\Tr-gl_992.jpg,glioma
..\data\Training\glioma\Tr-gl_993.jpg,glioma
..\data\Training\glioma\Tr-gl_994.jpg,glioma
..\data\Training\glioma\Tr-gl_995.jpg,glioma
..\data\Training\glioma\Tr-gl_996.jpg,glioma
..\data\Training\glioma\Tr-gl_997.jpg,glioma
..\data\Training\glioma\Tr-gl_998.jpg,glioma
..\data\Training\glioma\Tr-gl_999.jpg,glioma
..\data\Training\meningioma\Tr-aug-me_1.jpg,meningioma
..\data\Training\meningioma\Tr-aug-me_10.jpg,meningioma
..\data\Training\meningioma\Tr-aug-me_100.jpg,meningioma
..\data\Training\meningioma\Tr-aug-me_11.jpg,meningioma
..\data\Training\meningioma\Tr-aug-me_12.jpg,meningioma
..\data\Training\meningioma\Tr-aug-me_13.jpg,meningioma
..\data\Training\meningioma\Tr-aug-me_14.jpg,meningioma
..\data\Training\meningioma\Tr-aug-me_15.jpg,meningioma
..\data\Training\meningioma\Tr-aug-me_16.jpg,meningioma
..\data\Training\meningioma\Tr-aug-me_17.jpg,meningioma
..\data\Training\meningioma\Tr-aug-me_18.jpg,meningioma
..\data\Training\meningioma\Tr-aug-me_19.jpg,meningioma
..\data\Training\meningioma\Tr-aug-me_2.jpg,meningioma
..\data\Training\meningioma\Tr-aug-me_20.jpg,meningioma
..\data\Training\meningioma\Tr-aug-me_21.jpg,meningioma
..\data\Training\meningioma\Tr-aug-me_22.jpg,meningioma
..\data\Training\meningioma\Tr-aug-me_23.jpg,meningioma
..\data\Training\meningioma\Tr-aug-me_24.jpg,meningioma
..\data\Training\meningioma\Tr-aug-me_25.jpg,meningioma
..\data\Training\meningioma\Tr-aug-me_26.jpg,meningioma
..\data\Training\meningioma\Tr-aug-me_27.jpg,meningioma
..\data\Training\meningioma\Tr-aug-me_28.jpg,meningioma
..\data\Training\meningioma\Tr-aug-me_29.jpg,meningioma
..\data\Training\meningioma\Tr-aug-me_3.jpg,meningioma
..\data\Training\meningioma\Tr-aug-me_30.jpg,meningioma
..\data\Training\meningioma\Tr-aug-me_31.jpg,meningioma
..\data\Training\meningioma\Tr-aug-me_32.jpg,meningioma
..\data\Training\meningioma\Tr-aug-me_33.jpg,meningioma
..\data\Training\meningioma\Tr-aug-me_34.jpg,meningioma
..\data\Training\meningioma\Tr-aug-me_35.jpg,meningioma
..\data\Training\meningioma\Tr-aug-me_36.jpg,meningioma
..\data\Training\meningioma\Tr-aug-me_37.jpg,meningioma
..\data\Training\meningioma\Tr-aug-me_38.jpg,meningioma
..\data\Training\meningioma\Tr-aug-me_39.jpg,meningioma
..\data\Training\meningioma\Tr-aug-me_4.jpg,meningioma
..\data\Training\meningioma\Tr-aug-me_40.jpg,meningioma
..\data\Training\meningioma\Tr-aug-me_41.jpg,meningioma
..\data\Training\meningioma\Tr-aug-me_42.jpg,meningioma
..\data\Training\meningioma\Tr-aug-me_43.jpg,meningioma
..\data\Training\meningioma\Tr-aug-me_44.jpg,meningioma
..\data\Training\meningioma\Tr-aug-me_45.jpg,meningioma
..\data\Training\meningioma\Tr-aug-me_46.jpg,meningioma
..\data\Training\meningioma\Tr-aug-me_47.jpg,meningioma
..\data\Training\meningioma\Tr-aug-me_48.jpg,meningioma
..\data\Training\meningioma\Tr-aug-me_49.jpg,meningioma
..\data\Training\meningioma\Tr-aug-me_5.jpg,meningioma
..\data\Training\meningioma\Tr-aug-me_50.jpg,meningioma
..\data\Training\meningioma\Tr-aug-me_51.jpg,meningioma
..\data\Training\meningioma\Tr-aug-me_52.jpg,meningioma
..\data\Training\meningioma\Tr-aug-me_53.jpg,meningioma
..\data\Training\meningioma\Tr-aug-me_54.jpg,meningioma
..\data\Training\meningioma\Tr-aug-me_55.jpg,meningioma
..\data\Training\meningioma\Tr-aug-me_56.jpg,meningioma
..\data\Training\meningioma\Tr-aug-me_57.jpg,meningioma
..\data\Training\meningioma\Tr-aug-me_58.jpg,meningioma
..\data\Training\meningioma\Tr-aug-me_59.jpg,meningioma
..\data\Training\meningioma\Tr-aug-me_6.jpg,meningioma
..\data\Training\meningioma\Tr-aug-me_60.jpg,meningioma
..\data\Training\meningioma\Tr-aug-me_61.jpg,meningioma
..\data\Training\meningioma\Tr-aug-me_62.jpg,meningioma
..\data\Training\meningioma\Tr-aug-me_63.jpg,meningioma
..\data\Training\meningioma\Tr-aug-me_64.jpg,meningioma
..\data\Training\meningioma\Tr-aug-me_65.jpg,meningioma
..\data\Training\meningioma\Tr-aug-me_66.jpg,meningioma
..\data\Training\meningioma\Tr-aug-me_67.jpg,meningioma
..\data\Training\meningioma\Tr-aug-me_68.jpg,meningioma
..\data\Training\meningioma\Tr-aug-me_69.jpg,meningioma
..\data\Training\meningioma\Tr-aug-me_7.jpg,meningioma
..\data\Training\meningioma\Tr-aug-me_70.jpg,meningioma
..\data\Training\meningioma\Tr-aug-me_71.jpg,meningioma
..\data\Training\meningioma\Tr-aug-me_72.jpg,meningioma
..\data\Training\meningioma\Tr-aug-me_73.jpg,meningioma
..\data\Training\meningioma\Tr-aug-me_74.jpg,meningioma
..\data\Training\meningioma\Tr-aug-me_75.jpg,meningioma
..\data\Training\meningioma\Tr-aug-me_76.jpg,meningioma
..\data\Training\meningioma\Tr-aug-me_77.jpg,meningioma
..\data\Training\meningioma\Tr-aug-me_78.jpg,meningioma
..\data\Training\meningioma\Tr-aug-me_79.jpg,meningioma
..\data\Training\meningioma\Tr-aug-me_8.jpg,meningioma
..\data\Training\meningioma\Tr-aug-me_80.jpg,meningioma
..\data\Training\meningioma\Tr-aug-me_81.jpg,meningioma
..\data\Training\meningioma\Tr-aug-me_82.jpg,meningioma
..\data\Training\meningioma\Tr-aug-me_83.jpg,meningioma
..\data\Training\meningioma\Tr-aug-me_84.jpg,meningioma
..\data\Training\meningioma\Tr-aug-me_85.jpg,meningioma
..\data\Training\meningioma\Tr-aug-me_86.jpg,meningioma
..\data\Training\meningioma\Tr-aug-me_87.jpg,meningioma
..\data\Training\meningioma\Tr-aug-me_88.jpg,meningioma
..\data\Training\meningioma\Tr-aug-me_89.jpg,meningioma
..\data\Training\meningioma\Tr-aug-me_9.jpg,meningioma
..\data\Training\meningioma\Tr-aug-me_90.jpg,meningioma
..\data\Training\meningioma\Tr-aug-me_91.jpg,meningioma
..\data\Training\meningioma\Tr-aug-me_92.jpg,meningioma
..\data\Training\meningioma\Tr-aug-me_93.jpg,meningioma
..\data\Training\meningioma\Tr-aug-me_94.jpg,meningioma
..\data\Training\meningioma\Tr-aug-me_95.jpg,meningioma
..\data\Training\meningioma\Tr-aug-me_96.jpg,meningioma
..\data\Training\meningioma\Tr-aug-me_97.jpg,meningioma
..\data\Training\meningioma\Tr-aug-me_98.jpg,meningioma
..\data\Training\meningioma\Tr-aug-me_99.jpg,meningioma
..\data\Training\meningioma\Tr-me_1.jpg,meningioma
..\data\Training\meningioma\Tr-me_10.jpg,meningioma
..\data\Training\meningioma\Tr-me_100.jpg,meningioma
..\data\Training\meningioma\Tr-me_1000.jpg,meningioma
..\data\Training\meningioma\Tr-me_1001.jpg,meningioma
..\data\Training\meningioma\Tr-me_1002.jpg,meningioma
..\data\Training\meningioma\Tr-me_1003.jpg,meningioma
..\data\Training\meningioma\Tr-me_1004.jpg,meningioma
..\data\Training\meningioma\Tr-me_1005.jpg,meningioma
..\data\Training\meningioma\Tr-me_1006.jpg,meningioma
..\data\Training\meningioma\Tr-me_1007.jpg,meningioma
..\data\Training\meningioma\Tr-me_1008.jpg,meningioma
..\data\Training\meningioma\Tr-me_1009.jpg,meningioma
..\data\Training\meningioma\Tr-me_101.jpg,meningioma
..\data\Training\meningioma\Tr-me_1010.jpg,meningioma
..\data\Training\meningioma\Tr-me_1011.jpg,meningioma
..\data\Training\meningioma\Tr-me_1012.jpg,meningioma
..\data\Training\meningioma\Tr-me_1013.jpg,meningioma
..\data\Training\meningioma\Tr-me_1014.jpg,meningioma
..\data\Training\meningioma\Tr-me_1015.jpg,meningioma
..\data\Training\meningioma\Tr-me_1016.jpg,meningioma
..\data\Training\meningioma\Tr-me_1017.jpg,meningioma
..\data\Training\meningioma\Tr-me_1018.jpg,meningioma
..\data\Training\meningioma\Tr-me_1019.jpg,meningioma
..\data\Training\meningioma\Tr-me_102.jpg,meningioma
..\data\Training\meningioma\Tr-me_1020.jpg,meningioma
..\data\Training\meningioma\Tr-me_1021.jpg,meningioma
..\data\Training\meningioma\Tr-me_1022.jpg,meningioma
..\data\Training\meningioma\Tr-me_1023.jpg,meningioma
..\data\Training\meningioma\Tr-me_1024.jpg,meningioma
..\data\Training\meningioma\Tr-me_1025.jpg,meningioma
..\data\Training\meningioma\Tr-me_1026.jpg,meningioma
..\data\Training\meningioma\Tr-me_1027.jpg,meningioma
..\data\Training\meningioma\Tr-me_1028.jpg,meningioma
..\data\Training\meningioma\Tr-me_1029.jpg,meningioma
..\data\Training\meningioma\Tr-me_103.jpg,meningioma
..\data\Training\meningioma\Tr-me_1030.jpg,meningioma
..\data\Training\meningioma\Tr-me_1031.jpg,meningioma
..\data\Training\meningioma\Tr-me_1032.jpg,meningioma
..\data\Training\meningioma\Tr-me_1033.jpg,meningioma
..\data\Training\meningioma\Tr-me_1034.jpg,meningioma
..\data\Training\meningioma\Tr-me_1035.jpg,meningioma
..\data\Training\meningioma\Tr-me_1036.jpg,meningioma
..\data\Training\meningioma\Tr-me_1037.jpg,meningioma
..\data\Training\meningioma\Tr-me_1038.jpg,meningioma
..\data\Training\meningioma\Tr-me_1039.jpg,meningioma
..\data\Training\meningioma\Tr-me_104.jpg,meningioma
..\data\Training\meningioma\Tr-me_1040.jpg,meningioma
..\data\Training\meningioma\Tr-me_1041.jpg,meningioma
..\data\Training\meningioma\Tr-me_1042.jpg,meningioma
..\data\Training\meningioma\Tr-me_1043.jpg,meningioma
..\data\Training\meningioma\Tr-me_1044.jpg,meningioma
..\data\Training\meningioma\Tr-me_1045.jpg,meningioma
..\data\Training\meningioma\Tr-me_1046.jpg,meningioma
..\data\Training\meningioma\Tr-me_1047.jpg,meningioma
..\data\Training\meningioma\Tr-me_1048.jpg,meningioma
..\data\Training\meningioma\Tr-me_1049.jpg,meningioma
..\data\Training\meningioma\Tr-me_105.jpg,meningioma
..\data\Training\meningioma\Tr-me_1050.jpg,meningioma
..\data\Training\meningioma\Tr-me_1051.jpg,meningioma
..\data\Training\meningioma\Tr-me_1052.jpg,meningioma
..\data\Training\meningioma\Tr-me_1053.jpg,meningioma
..\data\Training\meningioma\Tr-me_1054.jpg,meningioma
..\data\Training\meningioma\Tr-me_1055.jpg,meningioma
..\data\Training\meningioma\Tr-me_1056.jpg,meningioma
..\data\Training\meningioma\Tr-me_1057.jpg,meningioma
..\data\Training\meningioma\Tr-me_1058.jpg,meningioma
..\data\Training\meningioma\Tr-me_1059.jpg,meningioma
..\data\Training\meningioma\Tr-me_106.jpg,meningioma
..\data\Training\meningioma\Tr-me_1060.jpg,meningioma
..\data\Training\meningioma\Tr-me_1061.jpg,meningioma
..\data\Training\meningioma\Tr-me_1062.jpg,meningioma
..\data\Training\meningioma\Tr-me_1063.jpg,meningioma
..\data\Training\meningioma\Tr-me_1064.jpg,meningioma
..\data\Training\meningioma\Tr-me_1065.jpg,meningioma
..\data\Training\meningioma\Tr-me_1066.jpg,meningioma
..\data\Training\meningioma\Tr-me_1067.jpg,meningioma
..\data\Training\meningioma\Tr-me_1068.jpg,meningioma
..\data\Training\meningioma\Tr-me_1069.jpg,meningioma
..\data\Training\meningioma\Tr-me_107.jpg,meningioma
..\data\Training\meningioma\Tr-me_1070.jpg,meningioma
..\data\Training\meningioma\Tr-me_1071.jpg,meningioma
..\data\Training\meningioma\Tr-me_1072.jpg,meningioma
..\data\Training\meningioma\Tr-me_1073.jpg,meningioma
..\data\Training\meningioma\Tr-me_1074.jpg,meningioma
..\data\Training\meningioma\Tr-me_1075.jpg,meningioma
..\data\Training\meningioma\Tr-me_1076.jpg,meningioma
..\data\Training\meningioma\Tr-me_1077.jpg,meningioma
..\data\Training\meningioma\Tr-me_1078.jpg,meningioma
..\data\Training\meningioma\Tr-me_1079.jpg,meningioma
..\data\Training\meningioma\Tr-me_108.jpg,meningioma
..\data\Training\meningioma\Tr-me_1080.jpg,meningioma
..\data\Training\meningioma\Tr-me_1081.jpg,meningioma
..\data\Training\meningioma\Tr-me_1082.jpg,meningioma
..\data\Training\meningioma\Tr-me_1083.jpg,meningioma
..\data\Training\meningioma\Tr-me_1084.jpg,meningioma
..\data\Training\meningioma\Tr-me_1085.jpg,meningioma
..\data\Training\meningioma\Tr-me_1086.jpg,meningioma
..\data\Training\meningioma\Tr-me_1087.jpg,meningioma
..\data\Training\meningioma\Tr-me_1088.jpg,meningioma
..\data\Training\meningioma\Tr-me_1089.jpg,meningioma
..\data\Training\meningioma\Tr-me_109.jpg,meningioma
..\data\Training\meningioma\Tr-me_1090.jpg,meningioma
..\data\Training\meningioma\Tr-me_1091.jpg,meningioma
..\data\Training\meningioma\Tr-me_1092.jpg,meningioma
..\data\Training\meningioma\Tr-me_1093.jpg,meningioma
..\data\Training\meningioma\Tr-me_1094.jpg,meningioma
..\data\Training\meningioma\Tr-me_1095.jpg,meningioma
..\data\Training\meningioma\Tr-me_1096.jpg,meningioma
..\data\Training\meningioma\Tr-me_1097.jpg,meningioma
..\data\Training\meningioma\Tr-me_1098.jpg,meningioma
..\data\Training\meningioma\Tr-me_1099.jpg,meningioma
..\data\Training\meningioma\Tr-me_11.jpg,meningioma
..\data\Training\meningioma\Tr-me_110.jpg,meningioma
..\data\Training\meningioma\Tr-me_1100.jpg,meningioma
..\data\Training\meningioma\Tr-me_1101.jpg,meningioma
..\data\Training\meningioma\Tr-me_1102.jpg,meningioma
..\data\Training\meningioma\Tr-me_1103.jpg,meningioma
..\data\Training\meningioma\Tr-me_1104.jpg,meningioma
..\data\Training\meningioma\Tr-me_1105.jpg,meningioma
..\data\Training\meningioma\Tr-me_1106.jpg,meningioma
..\data\Training\meningioma\Tr-me_1107.jpg,meningioma
..\data\Training\meningioma\Tr-me_1108.jpg,meningioma
..\data\Training\meningioma\Tr-me_1109.jpg,meningioma
..\data\Training\meningioma\Tr-me_111.jpg,meningioma
..\data\Training\meningioma\Tr-me_1110.jpg,meningioma
..\data\Training\meningioma\Tr-me_1111.jpg,meningioma
..\data\Training\meningioma\Tr-me_1112.jpg,meningioma
..\data\Training\meningioma\Tr-me_1113.jpg,meningioma
..\data\Training\meningioma\Tr-me_1114.jpg,meningioma
..\data\Training\meningioma\Tr-me_1115.jpg,meningioma
..\data\Training\meningioma\Tr-me_1116.jpg,meningioma
..\data\Training\meningioma\Tr-me_1117.jpg,meningioma
..\data\Training\meningioma\Tr-me_1118.jpg,meningioma
..\data\Training\meningioma\Tr-me_1119.jpg,meningioma
..\data\Training\meningioma\Tr-me_112.jpg,meningioma
..\data\Training\meningioma\Tr-me_1120.jpg,meningioma
..\data\Training\meningioma\Tr-me_1121.jpg,meningioma
..\data\Training\meningioma\Tr-me_1122.jpg,meningioma
..\data\Training\meningioma\Tr-me_1123.jpg,meningioma
..\data\Training\meningioma\Tr-me_1124.jpg,meningioma
..\data\Training\meningioma\Tr-me_1125.jpg,meningioma
..\data\Training\meningioma\Tr-me_1126.jpg,meningioma
..\data\Training\meningioma\Tr-me_1127.jpg,meningioma
..\data\Training\meningioma\Tr-me_1128.jpg,meningioma
..\data\Training\meningioma\Tr-me_1129.jpg,meningioma
..\data\Training\meningioma\Tr-me_113.jpg,meningioma
..\data\Training\meningioma\Tr-me_1130.jpg,meningioma
..\data\Training\meningioma\Tr-me_1131.jpg,meningioma
..\data\Training\meningioma\Tr-me_1132.jpg,meningioma
..\data\Training\meningioma\Tr-me_1133.jpg,meningioma
..\data\Training\meningioma\Tr-me_1134.jpg,meningioma
..\data\Training\meningioma\Tr-me_1135.jpg,meningioma
..\data\Training\meningioma\Tr-me_1136.jpg,meningioma
..\data\Training\meningioma\Tr-me_1137.jpg,meningioma
..\data\Training\meningioma\Tr-me_1138.jpg,meningioma
..\data\Training\meningioma\Tr-me_1139.jpg,meningioma
..\data\Training\meningioma\Tr-me_114.jpg,meningioma
..\data\Training\meningioma\Tr-me_1140.jpg,meningioma
..\data\Training\meningioma\Tr-me_1141.jpg,meningioma
..\data\Training\meningioma\Tr-me_1142.jpg,meningioma
..\data\Training\meningioma\Tr-me_1143.jpg,meningioma
..\data\Training\meningioma\Tr-me_1144.jpg,meningioma
..\data\Training\meningioma\Tr-me_1145.jpg,meningioma
..\data\Training\meningioma\Tr-me_1146.jpg,meningioma
..\data\Training\meningioma\Tr-me_1147.jpg,meningioma
..\data\Training\meningioma\Tr-me_1148.jpg,meningioma
..\data\Training\meningioma\Tr-me_1149.jpg,meningioma
..\data\Training\meningioma\Tr-me_115.jpg,meningioma
..\data\Training\meningioma\Tr-me_1150.jpg,meningioma
..\data\Training\meningioma\Tr-me_1151.jpg,meningioma
..\data\Training\meningioma\Tr-me_1152.jpg,meningioma
..\data\Training\meningioma\Tr-me_1153.jpg,meningioma
..\data\Training\meningioma\Tr-me_1154.jpg,meningioma
..\data\Training\meningioma\Tr-me_1155.jpg,meningioma
..\data\Training\meningioma\Tr-me_1156.jpg,meningioma
..\data\Training\meningioma\Tr-me_1157.jpg,meningioma
..\data\Training\meningioma\Tr-me_1158.jpg,meningioma
..\data\Training\meningioma\Tr-me_1159.jpg,meningioma
..\data\Training\meningioma\Tr-me_116.jpg,meningioma
..\data\Training\meningioma\Tr-me_1160.jpg,meningioma
..\data\Training\meningioma\Tr-me_1161.jpg,meningioma
..\data\Training\meningioma\Tr-me_1162.jpg,meningioma
..\data\Training\meningioma\Tr-me_1163.jpg,meningioma
..\data\Training\meningioma\Tr-me_1164.jpg,meningioma
..\data\Training\meningioma\Tr-me_1165.jpg,meningioma
..\data\Training\meningioma\Tr-me_1166.jpg,meningioma
..\data\Training\meningioma\Tr-me_1167.jpg,meningioma
..\data\Training\meningioma\Tr-me_1168.jpg,meningioma
..\data\Training\meningioma\Tr-me_1169.jpg,meningioma
..\data\Training\meningioma\Tr-me_117.jpg,meningioma
..\data\Training\meningioma\Tr-me_1170.jpg,meningioma
..\data\Training\meningioma\Tr-me_1171.jpg,meningioma
..\data\Training\meningioma\Tr-me_1172.jpg,meningioma
..\data\Training\meningioma\Tr-me_1173.jpg,meningioma
..\data\Training\meningioma\Tr-me_1174.jpg,meningioma
..\data\Training\meningioma\Tr-me_1175.jpg,meningioma
..\data\Training\meningioma\Tr-me_1176.jpg,meningioma
..\data\Training\meningioma\Tr-me_1177.jpg,meningioma
..\data\Training\meningioma\Tr-me_1178.jpg,meningioma
..\data\Training\meningioma\Tr-me_1179.jpg,meningioma
..\data\Training\meningioma\Tr-me_118.jpg,meningioma
..\data\Training\meningioma\Tr-me_1180.jpg,meningioma
..\data\Training\meningioma\Tr-me_1181.jpg,meningioma
..\data\Training\meningioma\Tr-me_1182.jpg,meningioma
..\data\Training\meningioma\Tr-me_1183.jpg,meningioma
..\data\Training\meningioma\Tr-me_1184.jpg,meningioma
..\data\Training\meningioma\Tr-me_1185.jpg,meningioma
..\data\Training\meningioma\Tr-me_1186.jpg,meningioma
..\data\Training\meningioma\Tr-me_1187.jpg,meningioma
..\data\Training\meningioma\Tr-me_1188.jpg,meningioma
..\data\Training\meningioma\Tr-me_1189.jpg,meningioma
..\data\Training\meningioma\Tr-me_119.jpg,meningioma
..\data\Training\meningioma\Tr-me_1190.jpg,meningioma
..\data\Training\meningioma\Tr-me_1191.jpg,meningioma
..\data\Training\meningioma\Tr-me_1192.jpg,meningioma
..\data\Training\meningioma\Tr-me_1193.jpg,meningioma
..\data\Training\meningioma\Tr-me_1194.jpg,meningioma
..\data\Training\meningioma\Tr-me_1195.jpg,meningioma
..\data\Training\meningioma\Tr-me_1196.jpg,meningioma
..\data\Training\meningioma\Tr-me_1197.jpg,meningioma
..\data\Training\meningioma\Tr-me_1198.jpg,meningioma
..\data\Training\meningioma\Tr-me_1199.jpg,meningioma
..\data\Training\meningioma\Tr-me_12.jpg,meningioma
..\data\Training\meningioma\Tr-me_120.jpg,meningioma
..\data\Training\meningioma\Tr-me_1200.jpg,meningioma
..\data\Training\meningioma\Tr-me_1201.jpg,meningioma
..\data\Training\meningioma\Tr-me_1202.jpg,meningioma
..\data\Training\meningioma\Tr-me_1203.jpg,meningioma
..\data\Training\meningioma\Tr-me_1204.jpg,meningioma
..\data\Training\meningioma\Tr-me_1205.jpg,meningioma
..\data\Training\meningioma\Tr-me_1206.jpg,meningioma
..\data\Training\meningioma\Tr-me_1207.jpg,meningioma
..\data\Training\meningioma\Tr-me_1208.jpg,meningioma
..\data\Training\meningioma\Tr-me_1209.jpg,meningioma
..\data\Training\meningioma\Tr-me_121.jpg,meningioma
..\data\Training\meningioma\Tr-me_1210.jpg,meningioma
..\data\Training\meningioma\Tr-me_1211.jpg,meningioma
..\data\Training\meningioma\Tr-me_1212.jpg,meningioma
..\data\Training\meningioma\Tr-me_1213.jpg,meningioma
..\data\Training\meningioma\Tr-me_1214.jpg,meningioma
..\data\Training\meningioma\Tr-me_1215.jpg,meningioma
..\data\Training\meningioma\Tr-me_1216.jpg,meningioma
..\data\Training\meningioma\Tr-me_1217.jpg,meningioma
..\data\Training\meningioma\Tr-me_1218.jpg,meningioma
..\data\Training\meningioma\Tr-me_1219.jpg,meningioma
..\data\Training\meningioma\Tr-me_122.jpg,meningioma
..\data\Training\meningioma\Tr-me_1220.jpg,meningioma
..\data\Training\meningioma\Tr-me_1221.jpg,meningioma
..\data\Training\meningioma\Tr-me_1222.jpg,meningioma
..\data\Training\meningioma\Tr-me_1223.jpg,meningioma
..\data\Training\meningioma\Tr-me_1224.jpg,meningioma
..\data\Training\meningioma\Tr-me_1225.jpg,meningioma
..\data\Training\meningioma\Tr-me_1226.jpg,meningioma
..\data\Training\meningioma\Tr-me_1227.jpg,meningioma
..\data\Training\meningioma\Tr-me_1228.jpg,meningioma
..\data\Training\meningioma\Tr-me_1229.jpg,meningioma
..\data\Training\meningioma\Tr-me_123.jpg,meningioma
..\data\Training\meningioma\Tr-me_1230.jpg,meningioma
..\data\Training\meningioma\Tr-me_1231.jpg,meningioma
..\data\Training\meningioma\Tr-me_1232.jpg,meningioma
..\data\Training\meningioma\Tr-me_1233.jpg,meningioma
..\data\Training\meningioma\Tr-me_1234.jpg,meningioma
..\data\Training\meningioma\Tr-me_1235.jpg,meningioma
..\data\Training\meningioma\Tr-me_1236.jpg,meningioma
..\data\Training\meningioma\Tr-me_1237.jpg,meningioma
..\data\Training\meningioma\Tr-me_1238.jpg,meningioma
..\data\Training\meningioma\Tr-me_1239.jpg,meningioma
..\data\Training\meningioma\Tr-me_124.jpg,meningioma
..\data\Training\meningioma\Tr-me_1240.jpg,meningioma
..\data\Training\meningioma\Tr-me_1241.jpg,meningioma
..\data\Training\meningioma\Tr-me_1242.jpg,meningioma
..\data\Training\meningioma\Tr-me_1243.jpg,meningioma
..\data\Training\meningioma\Tr-me_1244.jpg,meningioma
..\data\Training\meningioma\Tr-me_1245.jpg,meningioma
..\data\Training\meningioma\Tr-me_1246.jpg,meningioma
..\data\Training\meningioma\Tr-me_1247.jpg,meningioma
..\data\Training\meningioma\Tr-me_1248.jpg,meningioma
..\data\Training\meningioma\Tr-me_1249.jpg,meningioma
..\data\Training\meningioma\Tr-me_125.jpg,meningioma
..\data\Training\meningioma\Tr-me_1250.jpg,meningioma
..\data\Training\meningioma\Tr-me_1251.jpg,meningioma
..\data\Training\meningioma\Tr-me_1252.jpg,meningioma
..\data\Training\meningioma\Tr-me_1253.jpg,meningioma
..\data\Training\meningioma\Tr-me_1254.jpg,meningioma
..\data\Training\meningioma\Tr-me_1255.jpg,meningioma
..\data\Training\meningioma\Tr-me_1256.jpg,meningioma
..\data\Training\meningioma\Tr-me_1257.jpg,meningioma
..\data\Training\meningioma\Tr-me_1258.jpg,meningioma
..\data\Training\meningioma\Tr-me_1259.jpg,meningioma
..\data\Training\meningioma\Tr-me_126.jpg,meningioma
..\data\Training\meningioma\Tr-me_1260.jpg,meningioma
..\data\Training\meningioma\Tr-me_1261.jpg,meningioma
..\data\Training\meningioma\Tr-me_1262.jpg,meningioma
..\data\Training\meningioma\Tr-me_1263.jpg,meningioma
..\data\Training\meningioma\Tr-me_1264.jpg,meningioma
..\data\Training\meningioma\Tr-me_1265.jpg,meningioma
..\data\Training\meningioma\Tr-me_1266.jpg,meningioma
..\data\Training\meningioma\Tr-me_1267.jpg,meningioma
..\data\Training\meningioma\Tr-me_1268.jpg,meningioma
..\data\Training\meningioma\Tr-me_1269.jpg,meningioma
..\data\Training\meningioma\Tr-me_127.jpg,meningioma
..\data\Training\meningioma\Tr-me_1270.jpg,meningioma
..\data\Training\meningioma\Tr-me_1271.jpg,meningioma
..\data\Training\meningioma\Tr-me_1272.jpg,meningioma
..\data\Training\meningioma\Tr-me_1273.jpg,meningioma
..\data\Training\meningioma\Tr-me_1274.jpg,meningioma
..\data\Training\meningioma\Tr-me_1275.jpg,meningioma
..\data\Training\meningioma\Tr-me_1276.jpg,meningioma
..\data\Training\meningioma\Tr-me_1277.jpg,meningioma
..\data\Training\meningioma\Tr-me_1278.jpg,meningioma
..\data\Training\meningioma\Tr-me_1279.jpg,meningioma
..\data\Training\meningioma\Tr-me_128.jpg,meningioma
..\data\Training\meningioma\Tr-me_1280.jpg,meningioma
..\data\Training\meningioma\Tr-me_1281.jpg,meningioma
..\data\Training\meningioma\Tr-me_1282.jpg,meningioma
..\data\Training\meningioma\Tr-me_1283.jpg,meningioma
..\data\Training\meningioma\Tr-me_1284.jpg,meningioma
..\data\Training\meningioma\Tr-me_1285.jpg,meningioma
..\data\Training\meningioma\Tr-me_1286.jpg,meningioma
..\data\Training\meningioma\Tr-me_1287.jpg,meningioma
..\data\Training\meningioma\Tr-me_1288.jpg,meningioma
..\data\Training\meningioma\Tr-me_1289.jpg,meningioma
..\data\Training\meningioma\Tr-me_129.jpg,meningioma
..\data\Training\meningioma\Tr-me_1290.jpg,meningioma
..\data\Training\meningioma\Tr-me_1291.jpg,meningioma
..\data\Training\meningioma\Tr-me_1292.jpg,meningioma
..\data\Training\meningioma\Tr-me_1293.jpg,meningioma
..\data\Training\meningioma\Tr-me_1294.jpg,meningioma
..\data\Training\meningioma\Tr-me_1295.jpg,meningioma
..\data\Training\meningioma\Tr-me_1296.jpg,meningioma
..\data\Training\meningioma\Tr-me_1297.jpg,meningioma
..\data\Training\meningioma\Tr-me_1298.jpg,meningioma
..\data\Training\meningioma\Tr-me_1299.jpg,meningioma
..\data\Training\meningioma\Tr-me_13.jpg,meningioma
..\data\Training\meningioma\Tr-me_130.jpg,meningioma
..\data\Training\meningioma\Tr-me_1300.jpg,meningioma
..\data\Training\meningioma\Tr-me_131.jpg,meningioma
..\data\Training\meningioma\Tr-me_132.jpg,meningioma
..\data\Training\meningioma\Tr-me_133.jpg,meningioma
..\data\Training\meningioma\Tr-me_134.jpg,meningioma
..\data\Training\meningioma\Tr-me_135.jpg,meningioma
..\data\Training\meningioma\Tr-me_136.jpg,meningioma
..\data\Training\meningioma\Tr-me_137.jpg,meningioma
..\data\Training\meningioma\Tr-me_138.jpg,meningioma
..\data\Training\meningioma\Tr-me_139.jpg,meningioma
..\data\Training\meningioma\Tr-me_14.jpg,meningioma
..\data\Training\meningioma\Tr-me_140.jpg,meningioma
..\data\Training\meningioma\Tr-me_141.jpg,meningioma
..\data\Training\meningioma\Tr-me_142.jpg,meningioma
..\data\Training\meningioma\Tr-me_143.jpg,meningioma
..\data\Training\meningioma\Tr-me_144.jpg,meningioma
..\data\Training\meningioma\Tr-me_145.jpg,meningioma
..\data\Training\meningioma\Tr-me_146.jpg,meningioma
..\data\Training\meningioma\Tr-me_147.jpg,meningioma
..\data\Training\meningioma\Tr-me_148.jpg,meningioma
..\data\Training\meningioma\Tr-me_149.jpg,meningioma
..\data\Training\meningioma\Tr-me_15.jpg,meningioma
..\data\Training\meningioma\Tr-me_150.jpg,meningioma
..\data\Training\meningioma\Tr-me_151.jpg,meningioma
..\data\Training\meningioma\Tr-me_152.jpg,meningioma
..\data\Training\meningioma\Tr-me_153.jpg,meningioma
..\data\Training\meningioma\Tr-me_154.jpg,meningioma
..\data\Training\meningioma\Tr-me_155.jpg,meningioma
..\data\Training\meningioma\Tr-me_156.jpg,meningioma
..\data\Training\meningioma\Tr-me_157.jpg,meningioma
..\data\Training\meningioma\Tr-me_158.jpg,meningioma
..\data\Training\meningioma\Tr-me_159.jpg,meningioma
..\data\Training\meningioma\Tr-me_16.jpg,meningioma
..\data\Training\meningioma\Tr-me_160.jpg,meningioma
..\data\Training\meningioma\Tr-me_161.jpg,meningioma
..\data\Training\meningioma\Tr-me_162.jpg,meningioma
..\data\Training\meningioma\Tr-me_163.jpg,meningioma
..\data\Training\meningioma\Tr-me_164.jpg,meningioma
..\data\Training\meningioma\Tr-me_165.jpg,meningioma
..\data\Training\meningioma\Tr-me_166.jpg,meningioma
..\data\Training\meningioma\Tr-me_167.jpg,meningioma
..\data\Training\meningioma\Tr-me_168.jpg,meningioma
..\data\Training\meningioma\Tr-me_169.jpg,meningioma
..\data\Training\meningioma\Tr-me_17.jpg,meningioma
..\data\Training\meningioma\Tr-me_170.jpg,meningioma
..\data\Training\meningioma\Tr-me_171.jpg,meningioma
..\data\Training\meningioma\Tr-me_172.jpg,meningioma
..\data\Training\meningioma\Tr-me_173.jpg,meningioma
..\data\Training\meningioma\Tr-me_174.jpg,meningioma
..\data\Training\meningioma\Tr-me_175.jpg,meningioma
..\data\Training\meningioma\Tr-me_176.jpg,meningioma
..\data\Training\meningioma\Tr-me_177.jpg,meningioma
..\data\Training\meningioma\Tr-me_178.jpg,meningioma
..\data\Training\meningioma\Tr-me_179.jpg,meningioma
..\data\Training\meningioma\Tr-me_18.jpg,meningioma
..\data\Training\meningioma\Tr-me_180.jpg,meningioma
..\data\Training\meningioma\Tr-me_181.jpg,meningioma
..\data\Training\meningioma\Tr-me_182.jpg,meningioma
..\data\Training\meningioma\Tr-me_183.jpg,meningioma
..\data\Training\meningioma\Tr-me_184.jpg,meningioma
..\data\Training\meningioma\Tr-me_185.jpg,meningioma
..\data\Training\meningioma\Tr-me_186.jpg,meningioma
..\data\Training\meningioma\Tr-me_187.jpg,meningioma
..\data\Training\meningioma\Tr-me_188.jpg,meningioma
..\data\Training\meningioma\Tr-me_189.jpg,meningioma
..\data\Training\meningioma\Tr-me_19.jpg,meningioma
..\data\Training\meningioma\Tr-me_190.jpg,meningioma
..\data\Training\meningioma\Tr-me_191.jpg,meningioma
..\data\Training\meningioma\Tr-me_192.jpg,meningioma
..\data\Training\meningioma\Tr-me_193.jpg,meningioma
..\data\Training\meningioma\Tr-me_194.jpg,meningioma
..\data\Training\meningioma\Tr-me_195.jpg,meningioma
..\data\Training\meningioma\Tr-me_196.jpg,meningioma
..\data\Training\meningioma\Tr-me_197.jpg,meningioma
..\data\Training\meningioma\Tr-me_198.jpg,meningioma
..\data\Training\meningioma\Tr-me_199.jpg,meningioma
..\data\Training\meningioma\Tr-me_2.jpg,meningioma
..\data\Training\meningioma\Tr-me_20.jpg,meningioma
..\data\Training\meningioma\Tr-me_200.jpg,meningioma
..\data\Training\meningioma\Tr-me_201.jpg,meningioma
..\data\Training\meningioma\Tr-me_202.jpg,meningioma
..\data\Training\meningioma\Tr-me_203.jpg,meningioma
..\data\Training\meningioma\Tr-me_204.jpg,meningioma
..\data\Training\meningioma\Tr-me_205.jpg,meningioma
..\data\Training\meningioma\Tr-me_206.jpg,meningioma
..\data\Training\meningioma\Tr-me_207.jpg,meningioma
..\data\Training\meningioma\Tr-me_208.jpg,meningioma
..\data\Training\meningioma\Tr-me_209.jpg,meningioma
..\data\Training\meningioma\Tr-me_21.jpg,meningioma
..\data\Training\meningioma\Tr-me_210.jpg,meningioma
..\data\Training\meningioma\Tr-me_211.jpg,meningioma
..\data\Training\meningioma\Tr-me_212.jpg,meningioma
..\data\Training\meningioma\Tr-me_213.jpg,meningioma
..\data\Training\meningioma\Tr-me_214.jpg,meningioma
..\data\Training\meningioma\Tr-me_215.jpg,meningioma
..\data\Training\meningioma\Tr-me_216.jpg,meningioma
..\data\Training\meningioma\Tr-me_217.jpg,meningioma
..\data\Training\meningioma\Tr-me_218.jpg,meningioma
..\data\Training\meningioma\Tr-me_219.jpg,meningioma
..\data\Training\meningioma\Tr-me_22.jpg,meningioma
..\data\Training\meningioma\Tr-me_220.jpg,meningioma
..\data\Training\meningioma\Tr-me_221.jpg,meningioma
..\data\Training\meningioma\Tr-me_222.jpg,meningioma
..\data\Training\meningioma\Tr-me_223.jpg,meningioma
..\data\Training\meningioma\Tr-me_224.jpg,meningioma
..\data\Training\meningioma\Tr-me_225.jpg,meningioma
..\data\Training\meningioma\Tr-me_226.jpg,meningioma
..\data\Training\meningioma\Tr-me_227.jpg,meningioma
..\data\Training\meningioma\Tr-me_228.jpg,meningioma
..\data\Training\meningioma\Tr-me_229.jpg,meningioma
..\data\Training\meningioma\Tr-me_23.jpg,meningioma
..\data\Training\meningioma\Tr-me_230.jpg,meningioma
..\data\Training\meningioma\Tr-me_231.jpg,meningioma
..\data\Training\meningioma\Tr-me_232.jpg,meningioma
..\data\Training\meningioma\Tr-me_233.jpg,meningioma
..\data\Training\meningioma\Tr-me_234.jpg,meningioma
..\data\Training\meningioma\Tr-me_235.jpg,meningioma
..\data\Training\meningioma\Tr-me_236.jpg,meningioma
..\data\Training\meningioma\Tr-me_237.jpg,meningioma
..\data\Training\meningioma\Tr-me_238.jpg,meningioma
..\data\Training\meningioma\Tr-me_239.jpg,meningioma
..\data\Training\meningioma\Tr-me_24.jpg,meningioma
..\data\Training\meningioma\Tr-me_240.jpg,meningioma
..\data\Training\meningioma\Tr-me_241.jpg,meningioma
..\data\Training\meningioma\Tr-me_242.jpg,meningioma
..\data\Training\meningioma\Tr-me_243.jpg,meningioma
..\data\Training\meningioma\Tr-me_244.jpg,meningioma
..\data\Training\meningioma\Tr-me_245.jpg,meningioma
..\data\Training\meningioma\Tr-me_246.jpg,meningioma
..\data\Training\meningioma\Tr-me_247.jpg,meningioma
..\data\Training\meningioma\Tr-me_248.jpg,meningioma
..\data\Training\meningioma\Tr-me_249.jpg,meningioma
..\data\Training\meningioma\Tr-me_25.jpg,meningioma
..\data\Training\meningioma\Tr-me_250.jpg,meningioma
..\data\Training\meningioma\Tr-me_251.jpg,meningioma
..\data\Training\meningioma\Tr-me_252.jpg,meningioma
..\data\Training\meningioma\Tr-me_253.jpg,meningioma
..\data\Training\meningioma\Tr-me_254.jpg,meningioma
..\data\Training\meningioma\Tr-me_255.jpg,meningioma
..\data\Training\meningioma\Tr-me_256.jpg,meningioma
..\data\Training\meningioma\Tr-me_257.jpg,meningioma
..\data\Training\meningioma\Tr-me_258.jpg,meningioma
..\data\Training\meningioma\Tr-me_259.jpg,meningioma
..\data\Training\meningioma\Tr-me_26.jpg,meningioma
..\data\Training\meningioma\Tr-me_260.jpg,meningioma
..\data\Training\meningioma\Tr-me_261.jpg,meningioma
..\data\Training\meningioma\Tr-me_262.jpg,meningioma
..\data\Training\meningioma\Tr-me_263.jpg,meningioma
..\data\Training\meningioma\Tr-me_264.jpg,meningioma
..\data\Training\meningioma\Tr-me_265.jpg,meningioma
..\data\Training\meningioma\Tr-me_266.jpg,meningioma
..\data\Training\meningioma\Tr-me_267.jpg,meningioma
..\data\Training\meningioma\Tr-me_268.jpg,meningioma
..\data\Training\meningioma\Tr-me_269.jpg,meningioma
..\data\Training\meningioma\Tr-me_27.jpg,meningioma
..\data\Training\meningioma\Tr-me_270.jpg,meningioma
..\data\Training\meningioma\Tr-me_271.jpg,meningioma
..\data\Training\meningioma\Tr-me_272.jpg,meningioma
..\data\Training\meningioma\Tr-me_273.jpg,meningioma
..\data\Training\meningioma\Tr-me_274.jpg,meningioma
..\data\Training\meningioma\Tr-me_275.jpg,meningioma
..\data\Training\meningioma\Tr-me_276.jpg,meningioma
..\data\Training\meningioma\Tr-me_277.jpg,meningioma
..\data\Training\meningioma\Tr-me_278.jpg,meningioma
..\data\Training\meningioma\Tr-me_279.jpg,meningioma
..\data\Training\meningioma\Tr-me_28.jpg,meningioma
..\data\Training\meningioma\Tr-me_280.jpg,meningioma
..\data\Training\meningioma\Tr-me_281.jpg,meningioma
..\data\Training\meningioma\Tr-me_282.jpg,meningioma
..\data\Training\meningioma\Tr-me_283.jpg,meningioma
..\data\Training\meningioma\Tr-me_284.jpg,meningioma
..\data\Training\meningioma\Tr-me_285.jpg,meningioma
..\data\Training\meningioma\Tr-me_286.jpg,meningioma
..\data\Training\meningioma\Tr-me_287.jpg,meningioma
..\data\Training\meningioma\Tr-me_288.jpg,meningioma
..\data\Training\meningioma\Tr-me_289.jpg,meningioma
..\data\Training\meningioma\Tr-me_29.jpg,meningioma
..\data\Training\meningioma\Tr-me_290.jpg,meningioma
..\data\Training\meningioma\Tr-me_291.jpg,meningioma
..\data\Training\meningioma\Tr-me_292.jpg,meningioma
..\data\Training\meningioma\Tr-me_293.jpg,meningioma
..\data\Training\meningioma\Tr-me_294.jpg,meningioma
..\data\Training\meningioma\Tr-me_295.jpg,meningioma
..\data\Training\meningioma\Tr-me_296.jpg,meningioma
..\data\Training\meningioma\Tr-me_297.jpg,meningioma
..\data\Training\meningioma\Tr-me_298.jpg,meningioma
..\data\Training\meningioma\Tr-me_299.jpg,meningioma
..\data\Training\meningioma\Tr-me_3.jpg,meningioma
..\data\Training\meningioma\Tr-me_30.jpg,meningioma
..\data\Training\meningioma\Tr-me_300.jpg,meningioma
..\data\Training\meningioma\Tr-me_301.jpg,meningioma
..\data\Training\meningioma\Tr-me_302.jpg,meningioma
..\data\Training\meningioma\Tr-me_303.jpg,meningioma
..\data\Training\meningioma\Tr-me_304.jpg,meningioma
..\data\Training\meningioma\Tr-me_305.jpg,meningioma
..\data\Training\meningioma\Tr-me_306.jpg,meningioma
..\data\Training\meningioma\Tr-me_307.jpg,meningioma
..\data\Training\meningioma\Tr-me_308.jpg,meningioma
..\data\Training\meningioma\Tr-me_309.jpg,meningioma
..\data\Training\meningioma\Tr-me_31.jpg,meningioma
..\data\Training\meningioma\Tr-me_310.jpg,meningioma
..\data\Training\meningioma\Tr-me_311.jpg,meningioma
..\data\Training\meningioma\Tr-me_312.jpg,meningioma
..\data\Training\meningioma\Tr-me_313.jpg,meningioma
..\data\Training\meningioma\Tr-me_314.jpg,meningioma
..\data\Training\meningioma\Tr-me_315.jpg,meningioma
..\data\Training\meningioma\Tr-me_316.jpg,meningioma
..\data\Training\meningioma\Tr-me_317.jpg,meningioma
..\data\Training\meningioma\Tr-me_318.jpg,meningioma
..\data\Training\meningioma\Tr-me_319.jpg,meningioma
..\data\Training\meningioma\Tr-me_32.jpg,meningioma
..\data\Training\meningioma\Tr-me_320.jpg,meningioma
..\data\Training\meningioma\Tr-me_321.jpg,meningioma
..\data\Training\meningioma\Tr-me_322.jpg,meningioma
..\data\Training\meningioma\Tr-me_323.jpg,meningioma
..\data\Training\meningioma\Tr-me_324.jpg,meningioma
..\data\Training\meningioma\Tr-me_325.jpg,meningioma
..\data\Training\meningioma\Tr-me_326.jpg,meningioma
..\data\Training\meningioma\Tr-me_327.jpg,meningioma
..\data\Training\meningioma\Tr-me_328.jpg,meningioma
..\data\Training\meningioma\Tr-me_329.jpg,meningioma
..\data\Training\meningioma\Tr-me_33.jpg,meningioma
..\data\Training\meningioma\Tr-me_330.jpg,meningioma
..\data\Training\meningioma\Tr-me_331.jpg,meningioma
..\data\Training\meningioma\Tr-me_332.jpg,meningioma
..\data\Training\meningioma\Tr-me_333.jpg,meningioma
..\data\Training\meningioma\Tr-me_334.jpg,meningioma
..\data\Training\meningioma\Tr-me_335.jpg,meningioma
..\data\Training\meningioma\Tr-me_336.jpg,meningioma
..\data\Training\meningioma\Tr-me_337.jpg,meningioma
..\data\Training\meningioma\Tr-me_338.jpg,meningioma
..\data\Training\meningioma\Tr-me_339.jpg,meningioma
..\data\Training\meningioma\Tr-me_34.jpg,meningioma
..\data\Training\meningioma\Tr-me_340.jpg,meningioma
..\data\Training\meningioma\Tr-me_341.jpg,meningioma
..\data\Training\meningioma\Tr-me_342.jpg,meningioma
..\data\Training\meningioma\Tr-me_343.jpg,meningioma
..\data\Training\meningioma\Tr-me_344.jpg,meningioma
..\data\Training\meningioma\Tr-me_345.jpg,meningioma
..\data\Training\meningioma\Tr-me_346.jpg,meningioma
..\data\Training\meningioma\Tr-me_347.jpg,meningioma
..\data\Training\meningioma\Tr-me_348.jpg,meningioma
..\data\Training\meningioma\Tr-me_349.jpg,meningioma
..\data\Training\meningioma\Tr-me_35.jpg,meningioma
..\data\Training\meningioma\Tr-me_350.jpg,meningioma
..\data\Training\meningioma\Tr-me_351.jpg,meningioma
..\data\Training\meningioma\Tr-me_352.jpg,meningioma
..\data\Training\meningioma\Tr-me_353.jpg,meningioma
..\data\Training\meningioma\Tr-me_354.jpg,meningioma
..\data\Training\meningioma\Tr-me_355.jpg,meningioma
..\data\Training\meningioma\Tr-me_356.jpg,meningioma
..\data\Training\meningioma\Tr-me_357.jpg,meningioma
..\data\Training\meningioma\Tr-me_358.jpg,meningioma
..\data\Training\meningioma\Tr-me_359.jpg,meningioma
..\data\Training\meningioma\Tr-me_36.jpg,meningioma
..\data\Training\meningioma\Tr-me_360.jpg,meningioma
..\data\Training\meningioma\Tr-me_361.jpg,meningioma
..\data\Training\meningioma\Tr-me_362.jpg,meningioma
..\data\Training\meningioma\Tr-me_363.jpg,meningioma
..\data\Training\meningioma\Tr-me_364.jpg,meningioma
..\data\Training\meningioma\Tr-me_365.jpg,meningioma
..\data\Training\meningioma\Tr-me_366.jpg,meningioma
..\data\Training\meningioma\Tr-me_367.jpg,meningioma
..\data\Training\meningioma\Tr-me_368.jpg,meningioma
..\data\Training\meningioma\Tr-me_369.jpg,meningioma
..\data\Training\meningioma\Tr-me_37.jpg,meningioma
..\data\Training\meningioma\Tr-me_370.jpg,meningioma
..\data\Training\meningioma\Tr-me_371.jpg,meningioma
..\data\Training\meningioma\Tr-me_372.jpg,meningioma
..\data\Training\meningioma\Tr-me_373.jpg,meningioma
..\data\Training\meningioma\Tr-me_374.jpg,meningioma
..\data\Training\meningioma\Tr-me_375.jpg,meningioma
..\data\Training\meningioma\Tr-me_376.jpg,meningioma
..\data\Training\meningioma\Tr-me_377.jpg,meningioma
..\data\Training\meningioma\Tr-me_378.jpg,meningioma
..\data\Training\meningioma\Tr-me_379.jpg,meningioma
..\data\Training\meningioma\Tr-me_38.jpg,meningioma
..\data\Training\meningioma\Tr-me_380.jpg,meningioma
..\data\Training\meningioma\Tr-me_381.jpg,meningioma
..\data\Training\meningioma\Tr-me_382.jpg,meningioma
..\data\Training\meningioma\Tr-me_383.jpg,meningioma
..\data\Training\meningioma\Tr-me_384.jpg,meningioma
..\data\Training\meningioma\Tr-me_385.jpg,meningioma
..\data\Training\meningioma\Tr-me_386.jpg,meningioma
..\data\Training\meningioma\Tr-me_387.jpg,meningioma
..\data\Training\meningioma\Tr-me_388.jpg,meningioma
..\data\Training\meningioma\Tr-me_389.jpg,meningioma
..\data\Training\meningioma\Tr-me_39.jpg,meningioma
..\data\Training\meningioma\Tr-me_390.jpg,meningioma
..\data\Training\meningioma\Tr-me_391.jpg,meningioma
..\data\Training\meningioma\Tr-me_392.jpg,meningioma
..\data\Training\meningioma\Tr-me_393.jpg,meningioma
..\data\Training\meningioma\Tr-me_394.jpg,meningioma
..\data\Training\meningioma\Tr-me_395.jpg,meningioma
..\data\Training\meningioma\Tr-me_396.jpg,meningioma
..\data\Training\meningioma\Tr-me_397.jpg,meningioma
..\data\Training\meningioma\Tr-me_398.jpg,meningioma
..\data\Training\meningioma\Tr-me_399.jpg,meningioma
..\data\Training\meningioma\Tr-me_4.jpg,meningioma
..\data\Training\meningioma\Tr-me_40.jpg,meningioma
..\data\Training\meningioma\Tr-me_400.jpg,meningioma
..\data\Training\meningioma\Tr-me_401.jpg,meningioma
..\data\Training\meningioma\Tr-me_402.jpg,meningioma
..\data\Training\meningioma\Tr-me_403.jpg,meningioma
..\data\Training\meningioma\Tr-me_404.jpg,meningioma
..\data\Training\meningioma\Tr-me_405.jpg,meningioma
..\data\Training\meningioma\Tr-me_406.jpg,meningioma
..\data\Training\meningioma\Tr-me_407.jpg,meningioma
..\data\Training\meningioma\Tr-me_408.jpg,meningioma
..\data\Training\meningioma\Tr-me_409.jpg,meningioma
..\data\Training\meningioma\Tr-me_41.jpg,meningioma
..\data\Training\meningioma\Tr-me_410.jpg,meningioma
..\data\Training\meningioma\Tr-me_411.jpg,meningioma
..\data\Training\meningioma\Tr-me_412.jpg,meningioma
..\data\Training\meningioma\Tr-me_413.jpg,meningioma
..\data\Training\meningioma\Tr-me_414.jpg,meningioma
..\data\Training\meningioma\Tr-me_415.jpg,meningioma
..\data\Training\meningioma\Tr-me_416.jpg,meningioma
..\data\Training\meningioma\Tr-me_417.jpg,meningioma
..\data\Training\meningioma\Tr-me_418.jpg,meningioma
..\data\Training\meningioma\Tr-me_419.jpg,meningioma
..\data\Training\meningioma\Tr-me_42.jpg,meningioma
..\data\Training\meningioma\Tr-me_420.jpg,meningioma
..\data\Training\meningioma\Tr-me_421.jpg,meningioma
..\data\Training\meningioma\Tr-me_422.jpg,meningioma
..\data\Training\meningioma\Tr-me_423.jpg,meningioma
..\data\Training\meningioma\Tr-me_424.jpg,meningioma
..\data\Training\meningioma\Tr-me_425.jpg,meningioma
..\data\Training\meningioma\Tr-me_426.jpg,meningioma
..\data\Training\meningioma\Tr-me_427.jpg,meningioma
..\data\Training\meningioma\Tr-me_428.jpg,meningioma
..\data\Training\meningioma\Tr-me_429.jpg,meningioma
..\data\Training\meningioma\Tr-me_43.jpg,meningioma
..\data\Training\meningioma\Tr-me_430.jpg,meningioma
..\data\Training\meningioma\Tr-me_431.jpg,meningioma
..\data\Training\meningioma\Tr-me_432.jpg,meningioma
..\data\Training\meningioma\Tr-me_433.jpg,meningioma
..\data\Training\meningioma\Tr-me_434.jpg,meningioma
..\data\Training\meningioma\Tr-me_435.jpg,meningioma
..\data\Training\meningioma\Tr-me_436.jpg,meningioma
..\data\Training\meningioma\Tr-me_437.jpg,meningioma
..\data\Training\meningioma\Tr-me_438.jpg,meningioma
..\data\Training\meningioma\Tr-me_439.jpg,meningioma
..\data\Training\meningioma\Tr-me_44.jpg,meningioma
..\data\Training\meningioma\Tr-me_440.jpg,meningioma
..\data\Training\meningioma\Tr-me_441.jpg,meningioma
..\data\Training\meningioma\Tr-me_442.jpg,meningioma
..\data\Training\meningioma\Tr-me_443.jpg,meningioma
..\data\Training\meningioma\Tr-me_444.jpg,meningioma
..\data\Training\meningioma\Tr-me_445.jpg,meningioma
..\data\Training\meningioma\Tr-me_446.jpg,meningioma
..\data\Training\meningioma\Tr-me_447.jpg,meningioma
..\data\Training\meningioma\Tr-me_448.jpg,meningioma
..\data\Training\meningioma\Tr-me_449.jpg,meningioma
..\data\Training\meningioma\Tr-me_45.jpg,meningioma
..\data\Training\meningioma\Tr-me_450.jpg,meningioma
..\data\Training\meningioma\Tr-me_451.jpg,meningioma
..\data\Training\meningioma\Tr-me_452.jpg,meningioma
..\data\Training\meningioma\Tr-me_453.jpg,meningioma
..\data\Training\meningioma\Tr-me_454.jpg,meningioma
..\data\Training\meningioma\Tr-me_455.jpg,meningioma
..\data\Training\meningioma\Tr-me_456.jpg,meningioma
..\data\Training\meningioma\Tr-me_457.jpg,meningioma
..\data\Training\meningioma\Tr-me_458.jpg,meningioma
..\data\Training\meningioma\Tr-me_459.jpg,meningioma
..\data\Training\meningioma\Tr-me_46.jpg,meningioma
..\data\Training\meningioma\Tr-me_460.jpg,meningioma
..\data\Training\meningioma\Tr-me_461.jpg,meningioma
..\data\Training\meningioma\Tr-me_462.jpg,meningioma
..\data\Training\meningioma\Tr-me_463.jpg,meningioma
..\data\Training\meningioma\Tr-me_464.jpg,meningioma
..\data\Training\meningioma\Tr-me_465.jpg,meningioma
..\data\Training\meningioma\Tr-me_466.jpg,meningioma
..\data\Training\meningioma\Tr-me_467.jpg,meningioma
..\data\Training\meningioma\Tr-me_468.jpg,meningioma
..\data\Training\meningioma\Tr-me_469.jpg,meningioma
..\data\Training\meningioma\Tr-me_47.jpg,meningioma
..\data\Training\meningioma\Tr-me_470.jpg,meningioma
..\data\Training\meningioma\Tr-me_471.jpg,meningioma
..\data\Training\meningioma\Tr-me_472.jpg,meningioma
..\data\Training\meningioma\Tr-me_473.jpg,meningioma
..\data\Training\meningioma\Tr-me_474.jpg,meningioma
..\data\Training\meningioma\Tr-me_475.jpg,meningioma
..\data\Training\meningioma\Tr-me_476.jpg,meningioma
..\data\Training\meningioma\Tr-me_477.jpg,meningioma
..\data\Training\meningioma\Tr-me_478.jpg,meningioma
..\data\Training\meningioma\Tr-me_479.jpg,meningioma
..\data\Training\meningioma\Tr-me_48.jpg,meningioma
..\data\Training\meningioma\Tr-me_480.jpg,meningioma
..\data\Training\meningioma\Tr-me_481.jpg,meningioma
..\data\Training\meningioma\Tr-me_482.jpg,meningioma
..\data\Training\meningioma\Tr-me_483.jpg,meningioma
..\data\Training\meningioma\Tr-me_484.jpg,meningioma
..\data\Training\meningioma\Tr-me_485.jpg,meningioma
..\data\Training\meningioma\Tr-me_486.jpg,meningioma
..\data\Training\meningioma\Tr-me_487.jpg,meningioma
..\data\Training\meningioma\Tr-me_488.jpg,meningioma
..\data\Training\meningioma\Tr-me_489.jpg,meningioma
..\data\Training\meningioma\Tr-me_49.jpg,meningioma
..\data\Training\meningioma\Tr-me_490.jpg,meningioma
..\data\Training\meningioma\Tr-me_491.jpg,meningioma
..\data\Training\meningioma\Tr-me_492.jpg,meningioma
..\data\Training\meningioma\Tr-me_493.jpg,meningioma
..\data\Training\meningioma\Tr-me_494.jpg,meningioma
..\data\Training\meningioma\Tr-me_495.jpg,meningioma
..\data\Training\meningioma\Tr-me_496.jpg,meningioma
..\data\Training\meningioma\Tr-me_497.jpg,meningioma
..\data\Training\meningioma\Tr-me_498.jpg,meningioma
..\data\Training\meningioma\Tr-me_499.jpg,meningioma
..\data\Training\meningioma\Tr-me_5.jpg,meningioma
..\data\Training\meningioma\Tr-me_50.jpg,meningioma
..\data\Training\meningioma\Tr-me_500.jpg,meningioma
..\data\Training\meningioma\Tr-me_501.jpg,meningioma
..\data\Training\meningioma\Tr-me_502.jpg,meningioma
..\data\Training\meningioma\Tr-me_503.jpg,meningioma
..\data\Training\meningioma\Tr-me_504.jpg,meningioma
..\data\Training\meningioma\Tr-me_505.jpg,meningioma
..\data\Training\meningioma\Tr-me_506.jpg,meningioma
..\data\Training\meningioma\Tr-me_507.jpg,meningioma
..\data\Training\meningioma\Tr-me_508.jpg,meningioma
..\data\Training\meningioma\Tr-me_509.jpg,meningioma
..\data\Training\meningioma\Tr-me_51.jpg,meningioma
..\data\Training\meningioma\Tr-me_510.jpg,meningioma
..\data\Training\meningioma\Tr-me_511.jpg,meningioma
..\data\Training\meningioma\Tr-me_512.jpg,meningioma
..\data\Training\meningioma\Tr-me_513.jpg,meningioma
..\data\Training\meningioma\Tr-me_514.jpg,meningioma
..\data\Training\meningioma\Tr-me_515.jpg,meningioma
..\data\Training\meningioma\Tr-me_516.jpg,meningioma
..\data\Training\meningioma\Tr-me_517.jpg,meningioma
..\data\Training\meningioma\Tr-me_518.jpg,meningioma
..\data\Training\meningioma\Tr-me_519.jpg,meningioma
..\data\Training\meningioma\Tr-me_52.jpg,meningioma
..\data\Training\meningioma\Tr-me_520.jpg,meningioma
..\data\Training\meningioma\Tr-me_521.jpg,meningioma
..\data\Training\meningioma\Tr-me_522.jpg,meningioma
..\data\Training\meningioma\Tr-me_523.jpg,meningioma
..\data\Training\meningioma\Tr-me_524.jpg,meningioma
..\data\Training\meningioma\Tr-me_525.jpg,meningioma
..\data\Training\meningioma\Tr-me_526.jpg,meningioma
..\data\Training\meningioma\Tr-me_527.jpg,meningioma
..\data\Training\meningioma\Tr-me_528.jpg,meningioma
..\data\Training\meningioma\Tr-me_529.jpg,meningioma
..\data\Training\meningioma\Tr-me_53.jpg,meningioma
..\data\Training\meningioma\Tr-me_530.jpg,meningioma
..\data\Training\meningioma\Tr-me_531.jpg,meningioma
..\data\Training\meningioma\Tr-me_532.jpg,meningioma
..\data\Training\meningioma\Tr-me_533.jpg,meningioma
..\data\Training\meningioma\Tr-me_534.jpg,meningioma
..\data\Training\meningioma\Tr-me_535.jpg,meningioma
..\data\Training\meningioma\Tr-me_536.jpg,meningioma
..\data\Training\meningioma\Tr-me_537.jpg,meningioma
..\data\Training\meningioma\Tr-me_538.jpg,meningioma
..\data\Training\meningioma\Tr-me_539.jpg,meningioma
..\data\Training\meningioma\Tr-me_54.jpg,meningioma
..\data\Training\meningioma\Tr-me_540.jpg,meningioma
..\data\Training\meningioma\Tr-me_541.jpg,meningioma
..\data\Training\meningioma\Tr-me_542.jpg,meningioma
..\data\Training\meningioma\Tr-me_543.jpg,meningioma
..\data\Training\meningioma\Tr-me_544.jpg,meningioma
..\data\Training\meningioma\Tr-me_545.jpg,meningioma
..\data\Training\meningioma\Tr-me_546.jpg,meningioma
..\data\Training\meningioma\Tr-me_547.jpg,meningioma
..\data\Training\meningioma\Tr-me_548.jpg,meningioma
..\data\Training\meningioma\Tr-me_549.jpg,meningioma
..\data\Training\meningioma\Tr-me_55.jpg,meningioma
..\data\Training\meningioma\Tr-me_550.jpg,meningioma
..\data\Training\meningioma\Tr-me_551.jpg,meningioma
..\data\Training\meningioma\Tr-me_552.jpg,meningioma
..\data\Training\meningioma\Tr-me_553.jpg,meningioma
..\data\Training\meningioma\Tr-me_554.jpg,meningioma
..\data\Training\meningioma\Tr-me_555.jpg,meningioma
..\data\Training\meningioma\Tr-me_556.jpg,meningioma
..\data\Training\meningioma\Tr-me_557.jpg,meningioma
..\data\Training\meningioma\Tr-me_558.jpg,meningioma
..\data\Training\meningioma\Tr-me_559.jpg,meningioma
..\data\Training\meningioma\Tr-me_56.jpg,meningioma
..\data\Training\meningioma\Tr-me_560.jpg,meningioma
..\data\Training\meningioma\Tr-me_561.jpg,meningioma
..\data\Training\meningioma\Tr-me_562.jpg,meningioma
..\data\Training\meningioma\Tr-me_563.jpg,meningioma
..\data\Training\meningioma\Tr-me_564.jpg,meningioma
..\data\Training\meningioma\Tr-me_565.jpg,meningioma
..\data\Training\meningioma\Tr-me_566.jpg,meningioma
..\data\Training\meningioma\Tr-me_567.jpg,meningioma
..\data\Training\meningioma\Tr-me_568.jpg,meningioma
..\data\Training\meningioma\Tr-me_569.jpg,meningioma
..\data\Training\meningioma\Tr-me_57.jpg,meningioma
..\data\Training\meningioma\Tr-me_570.jpg,meningioma
..\data\Training\meningioma\Tr-me_571.jpg,meningioma
..\data\Training\meningioma\Tr-me_572.jpg,meningioma
..\data\Training\meningioma\Tr-me_573.jpg,meningioma
..\data\Training\meningioma\Tr-me_574.jpg,meningioma
..\data\Training\meningioma\Tr-me_575.jpg,meningioma
..\data\Training\meningioma\Tr-me_576.jpg,meningioma
..\data\Training\meningioma\Tr-me_577.jpg,meningioma
..\data\Training\meningioma\Tr-me_578.jpg,meningioma
..\data\Training\meningioma\Tr-me_579.jpg,meningioma
..\data\Training\meningioma\Tr-me_58.jpg,meningioma
..\data\Training\meningioma\Tr-me_580.jpg,meningioma
..\data\Training\meningioma\Tr-me_581.jpg,meningioma
..\data\Training\meningioma\Tr-me_582.jpg,meningioma
..\data\Training\meningioma\Tr-me_583.jpg,meningioma
..\data\Training\meningioma\Tr-me_584.jpg,meningioma
..\data\Training\meningioma\Tr-me_585.jpg,meningioma
..\data\Training\meningioma\Tr-me_586.jpg,meningioma
..\data\Training\meningioma\Tr-me_587.jpg,meningioma
..\data\Training\meningioma\Tr-me_588.jpg,meningioma
..\data\Training\meningioma\Tr-me_589.jpg,meningioma
..\data\Training\meningioma\Tr-me_59.jpg,meningioma
..\data\Training\meningioma\Tr-me_590.jpg,meningioma
..\data\Training\meningioma\Tr-me_591.jpg,meningioma
..\data\Training\meningioma\Tr-me_592.jpg,meningioma
..\data\Training\meningioma\Tr-me_593.jpg,meningioma
..\data\Training\meningioma\Tr-me_594.jpg,meningioma
..\data\Training\meningioma\Tr-me_595.jpg,meningioma
..\data\Training\meningioma\Tr-me_596.jpg,meningioma
..\data\Training\meningioma\Tr-me_597.jpg,meningioma
..\data\Training\meningioma\Tr-me_598.jpg,meningioma
..\data\Training\meningioma\Tr-me_599.jpg,meningioma
..\data\Training\meningioma\Tr-me_6.jpg,meningioma
..\data\Training\meningioma\Tr-me_60.jpg,meningioma
..\data\Training\meningioma\Tr-me_600.jpg,meningioma
..\data\Training\meningioma\Tr-me_601.jpg,meningioma
..\data\Training\meningioma\Tr-me_602.jpg,meningioma
..\data\Training\meningioma\Tr-me_603.jpg,meningioma
..\data\Training\meningioma\Tr-me_604.jpg,meningioma
..\data\Training\meningioma\Tr-me_605.jpg,meningioma
..\data\Training\meningioma\Tr-me_606.jpg,meningioma
..\data\Training\meningioma\Tr-me_607.jpg,meningioma
..\data\Training\meningioma\Tr-me_608.jpg,meningioma
..\data\Training\meningioma\Tr-me_609.jpg,meningioma
..\data\Training\meningioma\Tr-me_61.jpg,meningioma
..\data\Training\meningioma\Tr-me_610.jpg,meningioma
..\data\Training\meningioma\Tr-me_611.jpg,meningioma
..\data\Training\meningioma\Tr-me_612.jpg,meningioma
..\data\Training\meningioma\Tr-me_613.jpg,meningioma
..\data\Training\meningioma\Tr-me_614.jpg,meningioma
..\data\Training\meningioma\Tr-me_615.jpg,meningioma
..\data\Training\meningioma\Tr-me_616.jpg,meningioma
..\data\Training\meningioma\Tr-me_617.jpg,meningioma
..\data\Training\meningioma\Tr-me_618.jpg,meningioma
..\data\Training\meningioma\Tr-me_619.jpg,meningioma
..\data\Training\meningioma\Tr-me_62.jpg,meningioma
..\data\Training\meningioma\Tr-me_620.jpg,meningioma
..\data\Training\meningioma\Tr-me_621.jpg,meningioma
..\data\Training\meningioma\Tr-me_622.jpg,meningioma
..\data\Training\meningioma\Tr-me_623.jpg,meningioma
..\data\Training\meningioma\Tr-me_624.jpg,meningioma
..\data\Training\meningioma\Tr-me_625.jpg,meningioma
..\data\Training\meningioma\Tr-me_626.jpg,meningioma
..\data\Training\meningioma\Tr-me_627.jpg,meningioma
..\data\Training\meningioma\Tr-me_628.jpg,meningioma
..\data\Training\meningioma\Tr-me_629.jpg,meningioma
..\data\Training\meningioma\Tr-me_63.jpg,meningioma
..\data\Training\meningioma\Tr-me_630.jpg,meningioma
..\data\Training\meningioma\Tr-me_631.jpg,meningioma
..\data\Training\meningioma\Tr-me_632.jpg,meningioma
..\data\Training\meningioma\Tr-me_633.jpg,meningioma
..\data\Training\meningioma\Tr-me_634.jpg,meningioma
..\data\Training\meningioma\Tr-me_635.jpg,meningioma
..\data\Training\meningioma\Tr-me_636.jpg,meningioma
..\data\Training\meningioma\Tr-me_637.jpg,meningioma
..\data\Training\meningioma\Tr-me_638.jpg,meningioma
..\data\Training\meningioma\Tr-me_639.jpg,meningioma
..\data\Training\meningioma\Tr-me_64.jpg,meningioma
..\data\Training\meningioma\Tr-me_640.jpg,meningioma
..\data\Training\meningioma\Tr-me_641.jpg,meningioma
..\data\Training\meningioma\Tr-me_642.jpg,meningioma
..\data\Training\meningioma\Tr-me_643.jpg,meningioma
..\data\Training\meningioma\Tr-me_644.jpg,meningioma
..\data\Training\meningioma\Tr-me_645.jpg,meningioma
..\data\Training\meningioma\Tr-me_646.jpg,meningioma
..\data\Training\meningioma\Tr-me_647.jpg,meningioma
..\data\Training\meningioma\Tr-me_648.jpg,meningioma
..\data\Training\meningioma\Tr-me_649.jpg,meningioma
..\data\Training\meningioma\Tr-me_65.jpg,meningioma
..\data\Training\meningioma\Tr-me_650.jpg,meningioma
..\data\Training\meningioma\Tr-me_651.jpg,meningioma
..\data\Training\meningioma\Tr-me_652.jpg,meningioma
..\data\Training\meningioma\Tr-me_653.jpg,meningioma
..\data\Training\meningioma\Tr-me_654.jpg,meningioma
..\data\Training\meningioma\Tr-me_655.jpg,meningioma
..\data\Training\meningioma\Tr-me_656.jpg,meningioma
..\data\Training\meningioma\Tr-me_657.jpg,meningioma
..\data\Training\meningioma\Tr-me_658.jpg,meningioma
..\data\Training\meningioma\Tr-me_659.jpg,meningioma
..\data\Training\meningioma\Tr-me_66.jpg,meningioma
..\data\Training\meningioma\Tr-me_660.jpg,meningioma
..\data\Training\meningioma\Tr-me_661.jpg,meningioma
..\data\Training\meningioma\Tr-me_662.jpg,meningioma
..\data\Training\meningioma\Tr-me_663.jpg,meningioma
..\data\Training\meningioma\Tr-me_664.jpg,meningioma
..\data\Training\meningioma\Tr-me_665.jpg,meningioma
..\data\Training\meningioma\Tr-me_666.jpg,meningioma
..\data\Training\meningioma\Tr-me_667.jpg,meningioma
..\data\Training\meningioma\Tr-me_668.jpg,meningioma
..\data\Training\meningioma\Tr-me_669.jpg,meningioma
..\data\Training\meningioma\Tr-me_67.jpg,meningioma
..\data\Training\meningioma\Tr-me_670.jpg,meningioma
..\data\Training\meningioma\Tr-me_671.jpg,meningioma
..\data\Training\meningioma\Tr-me_672.jpg,meningioma
..\data\Training\meningioma\Tr-me_673.jpg,meningioma
..\data\Training\meningioma\Tr-me_674.jpg,meningioma
..\data\Training\meningioma\Tr-me_675.jpg,meningioma
..\data\Training\meningioma\Tr-me_676.jpg,meningioma
..\data\Training\meningioma\Tr-me_677.jpg,meningioma
..\data\Training\meningioma\Tr-me_678.jpg,meningioma
..\data\Training\meningioma\Tr-me_679.jpg,meningioma
..\data\Training\meningioma\Tr-me_68.jpg,meningioma
..\data\Training\meningioma\Tr-me_680.jpg,meningioma
..\data\Training\meningioma\Tr-me_681.jpg,meningioma
..\data\Training\meningioma\Tr-me_682.jpg,meningioma
..\data\Training\meningioma\Tr-me_683.jpg,meningioma
..\data\Training\meningioma\Tr-me_684.jpg,meningioma
..\data\Training\meningioma\Tr-me_685.jpg,meningioma
..\data\Training\meningioma\Tr-me_686.jpg,meningioma
..\data\Training\meningioma\Tr-me_687.jpg,meningioma
..\data\Training\meningioma\Tr-me_688.jpg,meningioma
..\data\Training\meningioma\Tr-me_689.jpg,meningioma
..\data\Training\meningioma\Tr-me_69.jpg,meningioma
..\data\Training\meningioma\Tr-me_690.jpg,meningioma
..\data\Training\meningioma\Tr-me_691.jpg,meningioma
..\data\Training\meningioma\Tr-me_692.jpg,meningioma
..\data\Training\meningioma\Tr-me_693.jpg,meningioma
..\data\Training\meningioma\Tr-me_694.jpg,meningioma
..\data\Training\meningioma\Tr-me_695.jpg,meningioma
..\data\Training\meningioma\Tr-me_696.jpg,meningioma
..\data\Training\meningioma\Tr-me_697.jpg,meningioma
..\data\Training\meningioma\Tr-me_698.jpg,meningioma
..\data\Training\meningioma\Tr-me_699.jpg,meningioma
..\data\Training\meningioma\Tr-me_7.jpg,meningioma
..\data\Training\meningioma\Tr-me_70.jpg,meningioma
..\data\Training\meningioma\Tr-me_700.jpg,meningioma
..\data\Training\meningioma\Tr-me_701.jpg,meningioma
..\data\Training\meningioma\Tr-me_702.jpg,meningioma
..\data\Training\meningioma\Tr-me_703.jpg,meningioma
..\data\Training\meningioma\Tr-me_704.jpg,meningioma
..\data\Training\meningioma\Tr-me_705.jpg,meningioma
..\data\Training\meningioma\Tr-me_706.jpg,meningioma
..\data\Training\meningioma\Tr-me_707.jpg,meningioma
..\data\Training\meningioma\Tr-me_708.jpg,meningioma
..\data\Training\meningioma\Tr-me_709.jpg,meningioma
..\data\Training\meningioma\Tr-me_71.jpg,meningioma
..\data\Training\meningioma\Tr-me_710.jpg,meningioma
..\data\Training\meningioma\Tr-me_711.jpg,meningioma
..\data\Training\meningioma\Tr-me_712.jpg,meningioma
..\data\Training\meningioma\Tr-me_713.jpg,meningioma
..\data\Training\meningioma\Tr-me_714.jpg,meningioma
..\data\Training\meningioma\Tr-me_715.jpg,meningioma
..\data\Training\meningioma\Tr-me_716.jpg,meningioma
..\data\Training\meningioma\Tr-me_717.jpg,meningioma
..\data\Training\meningioma\Tr-me_718.jpg,meningioma
..\data\Training\meningioma\Tr-me_719.jpg,meningioma
..\data\Training\meningioma\Tr-me_72.jpg,meningioma
..\data\Training\meningioma\Tr-me_720.jpg,meningioma
..\data\Training\meningioma\Tr-me_721.jpg,meningioma
..\data\Training\meningioma\Tr-me_722.jpg,meningioma
..\data\Training\meningioma\Tr-me_723.jpg,meningioma
..\data\Training\meningioma\Tr-me_724.jpg,meningioma
..\data\Training\meningioma\Tr-me_725.jpg,meningioma
..\data\Training\meningioma\Tr-me_726.jpg,meningioma
..\data\Training\meningioma\Tr-me_727.jpg,meningioma
..\data\Training\meningioma\Tr-me_728.jpg,meningioma
..\data\Training\meningioma\Tr-me_729.jpg,meningioma
..\data\Training\meningioma\Tr-me_73.jpg,meningioma
..\data\Training\meningioma\Tr-me_730.jpg,meningioma
..\data\Training\meningioma\Tr-me_731.jpg,meningioma
..\data\Training\meningioma\Tr-me_732.jpg,meningioma
..\data\Training\meningioma\Tr-me_733.jpg,meningioma
..\data\Training\meningioma\Tr-me_734.jpg,meningioma
..\data\Training\meningioma\Tr-me_735.jpg,meningioma
..\data\Training\meningioma\Tr-me_736.jpg,meningioma
..\data\Training\meningioma\Tr-me_737.jpg,meningioma
..\data\Training\meningioma\Tr-me_738.jpg,meningioma
..\data\Training\meningioma\Tr-me_739.jpg,meningioma
..\data\Training\meningioma\Tr-me_74.jpg,meningioma
..\data\Training\meningioma\Tr-me_740.jpg,meningioma
..\data\Training\meningioma\Tr-me_741.jpg,meningioma
..\data\Training\meningioma\Tr-me_742.jpg,meningioma
..\data\Training\meningioma\Tr-me_743.jpg,meningioma
..\data\Training\meningioma\Tr-me_744.jpg,meningioma
..\data\Training\meningioma\Tr-me_745.jpg,meningioma
..\data\Training\meningioma\Tr-me_746.jpg,meningioma
..\data\Training\meningioma\Tr-me_747.jpg,meningioma
..\data\Training\meningioma\Tr-me_748.jpg,meningioma
..\data\Training\meningioma\Tr-me_749.jpg,meningioma
..\data\Training\meningioma\Tr-me_75.jpg,meningioma
..\data\Training\meningioma\Tr-me_750.jpg,meningioma
..\data\Training\meningioma\Tr-me_751.jpg,meningioma
..\data\Training\meningioma\Tr-me_752.jpg,meningioma
..\data\Training\meningioma\Tr-me_753.jpg,meningioma
..\data\Training\meningioma\Tr-me_754.jpg,meningioma
..\data\Training\meningioma\Tr-me_755.jpg,meningioma
..\data\Training\meningioma\Tr-me_756.jpg,meningioma
..\data\Training\meningioma\Tr-me_757.jpg,meningioma
..\data\Training\meningioma\Tr-me_758.jpg,meningioma
..\data\Training\meningioma\Tr-me_759.jpg,meningioma
..\data\Training\meningioma\Tr-me_76.jpg,meningioma
..\data\Training\meningioma\Tr-me_760.jpg,meningioma
..\data\Training\meningioma\Tr-me_761.jpg,meningioma
..\data\Training\meningioma\Tr-me_762.jpg,meningioma
..\data\Training\meningioma\Tr-me_763.jpg,meningioma
..\data\Training\meningioma\Tr-me_764.jpg,meningioma
..\data\Training\meningioma\Tr-me_765.jpg,meningioma
..\data\Training\meningioma\Tr-me_766.jpg,meningioma
..\data\Training\meningioma\Tr-me_767.jpg,meningioma
..\data\Training\meningioma\Tr-me_768.jpg,meningioma
..\data\Training\meningioma\Tr-me_769.jpg,meningioma
..\data\Training\meningioma\Tr-me_77.jpg,meningioma
..\data\Training\meningioma\Tr-me_770.jpg,meningioma
..\data\Training\meningioma\Tr-me_771.jpg,meningioma
..\data\Training\meningioma\Tr-me_772.jpg,meningioma
..\data\Training\meningioma\Tr-me_773.jpg,meningioma
..\data\Training\meningioma\Tr-me_774.jpg,meningioma
..\data\Training\meningioma\Tr-me_775.jpg,meningioma
..\data\Training\meningioma\Tr-me_776.jpg,meningioma
..\data\Training\meningioma\Tr-me_777.jpg,meningioma
..\data\Training\meningioma\Tr-me_778.jpg,meningioma
..\data\Training\meningioma\Tr-me_779.jpg,meningioma
..\data\Training\meningioma\Tr-me_78.jpg,meningioma
..\data\Training\meningioma\Tr-me_780.jpg,meningioma
..\data\Training\meningioma\Tr-me_781.jpg,meningioma
..\data\Training\meningioma\Tr-me_782.jpg,meningioma
..\data\Training\meningioma\Tr-me_783.jpg,meningioma
..\data\Training\meningioma\Tr-me_784.jpg,meningioma
..\data\Training\meningioma\Tr-me_785.jpg,meningioma
..\data\Training\meningioma\Tr-me_786.jpg,meningioma
..\data\Training\meningioma\Tr-me_787.jpg,meningioma
..\data\Training\meningioma\Tr-me_788.jpg,meningioma
..\data\Training\meningioma\Tr-me_789.jpg,meningioma
..\data\Training\meningioma\Tr-me_79.jpg,meningioma
..\data\Training\meningioma\Tr-me_790.jpg,meningioma
..\data\Training\meningioma\Tr-me_791.jpg,meningioma
..\data\Training\meningioma\Tr-me_792.jpg,meningioma
..\data\Training\meningioma\Tr-me_793.jpg,meningioma
..\data\Training\meningioma\Tr-me_794.jpg,meningioma
..\data\Training\meningioma\Tr-me_795.jpg,meningioma
..\data\Training\meningioma\Tr-me_796.jpg,meningioma
..\data\Training\meningioma\Tr-me_797.jpg,meningioma
..\data\Training\meningioma\Tr-me_798.jpg,meningioma
..\data\Training\meningioma\Tr-me_799.jpg,meningioma
..\data\Training\meningioma\Tr-me_8.jpg,meningioma
..\data\Training\meningioma\Tr-me_80.jpg,meningioma
..\data\Training\meningioma\Tr-me_800.jpg,meningioma
..\data\Training\meningioma\Tr-me_801.jpg,meningioma
..\data\Training\meningioma\Tr-me_802.jpg,meningioma
..\data\Training\meningioma\Tr-me_803.jpg,meningioma
..\data\Training\meningioma\Tr-me_804.jpg,meningioma
..\data\Training\meningioma\Tr-me_805.jpg,meningioma
..\data\Training\meningioma\Tr-me_806.jpg,meningioma
..\data\Training\meningioma\Tr-me_807.jpg,meningioma
..\data\Training\meningioma\Tr-me_808.jpg,meningioma
..\data\Training\meningioma\Tr-me_809.jpg,meningioma
..\data\Training\meningioma\Tr-me_81.jpg,meningioma
..\data\Training\meningioma\Tr-me_810.jpg,meningioma
..\data\Training\meningioma\Tr-me_811.jpg,meningioma
..\data\Training\meningioma\Tr-me_812.jpg,meningioma
..\data\Training\meningioma\Tr-me_813.jpg,meningioma
..\data\Training\meningioma\Tr-me_814.jpg,meningioma
..\data\Training\meningioma\Tr-me_815.jpg,meningioma
..\data\Training\meningioma\Tr-me_816.jpg,meningioma
..\data\Training\meningioma\Tr-me_817.jpg,meningioma
..\data\Training\meningioma\Tr-me_818.jpg,meningioma
..\data\Training\meningioma\Tr-me_819.jpg,meningioma
..\data\Training\meningioma\Tr-me_82.jpg,meningioma
..\data\Training\meningioma\Tr-me_820.jpg,meningioma
..\data\Training\meningioma\Tr-me_821.jpg,meningioma
..\data\Training\meningioma\Tr-me_822.jpg,meningioma
..\data\Training\meningioma\Tr-me_823.jpg,meningioma
..\data\Training\meningioma\Tr-me_824.jpg,meningioma
..\data\Training\meningioma\Tr-me_825.jpg,meningioma
..\data\Training\meningioma\Tr-me_826.jpg,meningioma
..\data\Training\meningioma\Tr-me_827.jpg,meningioma
..\data\Training\meningioma\Tr-me_828.jpg,meningioma
..\data\Training\meningioma\Tr-me_829.jpg,meningioma
..\data\Training\meningioma\Tr-me_83.jpg,meningioma
..\data\Training\meningioma\Tr-me_830.jpg,meningioma
..\data\Training\meningioma\Tr-me_831.jpg,meningioma
..\data\Training\meningioma\Tr-me_832.jpg,meningioma
..\data\Training\meningioma\Tr-me_833.jpg,meningioma
..\data\Training\meningioma\Tr-me_834.jpg,meningioma
..\data\Training\meningioma\Tr-me_835.jpg,meningioma
..\data\Training\meningioma\Tr-me_836.jpg,meningioma
..\data\Training\meningioma\Tr-me_837.jpg,meningioma
..\data\Training\meningioma\Tr-me_838.jpg,meningioma
..\data\Training\meningioma\Tr-me_839.jpg,meningioma
..\data\Training\meningioma\Tr-me_84.jpg,meningioma
..\data\Training\meningioma\Tr-me_840.jpg,meningioma
..\data\Training\meningioma\Tr-me_841.jpg,meningioma
..\data\Training\meningioma\Tr-me_842.jpg,meningioma
..\data\Training\meningioma\Tr-me_843.jpg,meningioma
..\data\Training\meningioma\Tr-me_844.jpg,meningioma
..\data\Training\meningioma\Tr-me_845.jpg,meningioma
..\data\Training\meningioma\Tr-me_846.jpg,meningioma
..\data\Training\meningioma\Tr-me_847.jpg,meningioma
..\data\Training\meningioma\Tr-me_848.jpg,meningioma
..\data\Training\meningioma\Tr-me_849.jpg,meningioma
..\data\Training\meningioma\Tr-me_85.jpg,meningioma
..\data\Training\meningioma\Tr-me_850.jpg,meningioma
..\data\Training\meningioma\Tr-me_851.jpg,meningioma
..\data\Training\meningioma\Tr-me_852.jpg,meningioma
..\data\Training\meningioma\Tr-me_853.jpg,meningioma
..\data\Training\meningioma\Tr-me_854.jpg,meningioma
..\data\Training\meningioma\Tr-me_855.jpg,meningioma
..\data\Training\meningioma\Tr-me_856.jpg,meningioma
..\data\Training\meningioma\Tr-me_857.jpg,meningioma
..\data\Training\meningioma\Tr-me_858.jpg,meningioma
..\data\Training\meningioma\Tr-me_859.jpg,meningioma
..\data\Training\meningioma\Tr-me_86.jpg,meningioma
..\data\Training\meningioma\Tr-me_860.jpg,meningioma
..\data\Training\meningioma\Tr-me_861.jpg,meningioma
..\data\Training\meningioma\Tr-me_862.jpg,meningioma
..\data\Training\meningioma\Tr-me_863.jpg,meningioma
..\data\Training\meningioma\Tr-me_864.jpg,meningioma
..\data\Training\meningioma\Tr-me_865.jpg,meningioma
..\data\Training\meningioma\Tr-me_866.jpg,meningioma
..\data\Training\meningioma\Tr-me_867.jpg,meningioma
..\data\Training\meningioma\Tr-me_868.jpg,meningioma
..\data\Training\meningioma\Tr-me_869.jpg,meningioma
..\data\Training\meningioma\Tr-me_87.jpg,meningioma
..\data\Training\meningioma\Tr-me_870.jpg,meningioma
..\data\Training\meningioma\Tr-me_871.jpg,meningioma
..\data\Training\meningioma\Tr-me_872.jpg,meningioma
..\data\Training\meningioma\Tr-me_873.jpg,meningioma
..\data\Training\meningioma\Tr-me_874.jpg,meningioma
..\data\Training\meningioma\Tr-me_875.jpg,meningioma
..\data\Training\meningioma\Tr-me_876.jpg,meningioma
..\data\Training\meningioma\Tr-me_877.jpg,meningioma
..\data\Training\meningioma\Tr-me_878.jpg,meningioma
..\data\Training\meningioma\Tr-me_879.jpg,meningioma
..\data\Training\meningioma\Tr-me_88.jpg,meningioma
..\data\Training\meningioma\Tr-me_880.jpg,meningioma
..\data\Training\meningioma\Tr-me_881.jpg,meningioma
..\data\Training\meningioma\Tr-me_882.jpg,meningioma
..\data\Training\meningioma\Tr-me_883.jpg,meningioma
..\data\Training\meningioma\Tr-me_884.jpg,meningioma
..\data\Training\meningioma\Tr-me_885.jpg,meningioma
..\data\Training\meningioma\Tr-me_886.jpg,meningioma
..\data\Training\meningioma\Tr-me_887.jpg,meningioma
..\data\Training\meningioma\Tr-me_888.jpg,meningioma
..\data\Training\meningioma\Tr-me_889.jpg,meningioma
..\data\Training\meningioma\Tr-me_89.jpg,meningioma
..\data\Training\meningioma\Tr-me_890.jpg,meningioma
..\data\Training\meningioma\Tr-me_891.jpg,meningioma
..\data\Training\meningioma\Tr-me_892.jpg,meningioma
..\data\Training\meningioma\Tr-me_893.jpg,meningioma
..\data\Training\meningioma\Tr-me_894.jpg,meningioma
..\data\Training\meningioma\Tr-me_895.jpg,meningioma
..\data\Training\meningioma\Tr-me_896.jpg,meningioma
..\data\Training\meningioma\Tr-me_897.jpg,meningioma
..\data\Training\meningioma\Tr-me_898.jpg,meningioma
..\data\Training\meningioma\Tr-me_899.jpg,meningioma
..\data\Training\meningioma\Tr-me_9.jpg,meningioma
..\data\Training\meningioma\Tr-me_90.jpg,meningioma
..\data\Training\meningioma\Tr-me_900.jpg,meningioma
..\data\Training\meningioma\Tr-me_901.jpg,meningioma
..\data\Training\meningioma\Tr-me_902.jpg,meningioma
..\data\Training\meningioma\Tr-me_903.jpg,meningioma
..\data\Training\meningioma\Tr-me_904.jpg,meningioma
..\data\Training\meningioma\Tr-me_905.jpg,meningioma
..\data\Training\meningioma\Tr-me_906.jpg,meningioma
..\data\Training\meningioma\Tr-me_907.jpg,meningioma
..\data\Training\meningioma\Tr-me_908.jpg,meningioma
..\data\Training\meningioma\Tr-me_909.jpg,meningioma
..\data\Training\meningioma\Tr-me_91.jpg,meningioma
..\data\Training\meningioma\Tr-me_910.jpg,meningioma
..\data\Training\meningioma\Tr-me_911.jpg,meningioma
..\data\Training\meningioma\Tr-me_912.jpg,meningioma
..\data\Training\meningioma\Tr-me_913.jpg,meningioma
..\data\Training\meningioma\Tr-me_914.jpg,meningioma
..\data\Training\meningioma\Tr-me_915.jpg,meningioma
..\data\Training\meningioma\Tr-me_916.jpg,meningioma
..\data\Training\meningioma\Tr-me_917.jpg,meningioma
..\data\Training\meningioma\Tr-me_918.jpg,meningioma
..\data\Training\meningioma\Tr-me_919.jpg,meningioma
..\data\Training\meningioma\Tr-me_92.jpg,meningioma
..\data\Training\meningioma\Tr-me_920.jpg,meningioma
..\data\Training\meningioma\Tr-me_921.jpg,meningioma
..\data\Training\meningioma\Tr-me_922.jpg,meningioma
..\data\Training\meningioma\Tr-me_923.jpg,meningioma
..\data\Training\meningioma\Tr-me_924.jpg,meningioma
..\data\Training\meningioma\Tr-me_925.jpg,meningioma
..\data\Training\meningioma\Tr-me_926.jpg,meningioma
..\data\Training\meningioma\Tr-me_927.jpg,meningioma
..\data\Training\meningioma\Tr-me_928.jpg,meningioma
..\data\Training\meningioma\Tr-me_929.jpg,meningioma
..\data\Training\meningioma\Tr-me_93.jpg,meningioma
..\data\Training\meningioma\Tr-me_930.jpg,meningioma
..\data\Training\meningioma\Tr-me_931.jpg,meningioma
..\data\Training\meningioma\Tr-me_932.jpg,meningioma
..\data\Training\meningioma\Tr-me_933.jpg,meningioma
..\data\Training\meningioma\Tr-me_934.jpg,meningioma
..\data\Training\meningioma\Tr-me_935.jpg,meningioma
..\data\Training\meningioma\Tr-me_936.jpg,meningioma
..\data\Training\meningioma\Tr-me_937.jpg,meningioma
..\data\Training\meningioma\Tr-me_938.jpg,meningioma
..\data\Training\meningioma\Tr-me_939.jpg,meningioma
..\data\Training\meningioma\Tr-me_94.jpg,meningioma
..\data\Training\meningioma\Tr-me_940.jpg,meningioma
..\data\Training\meningioma\Tr-me_941.jpg,meningioma
..\data\Training\meningioma\Tr-me_942.jpg,meningioma
..\data\Training\meningioma\Tr-me_943.jpg,meningioma
..\data\Training\meningioma\Tr-me_944.jpg,meningioma
..\data\Training\meningioma\Tr-me_945.jpg,meningioma
..\data\Training\meningioma\Tr-me_946.jpg,meningioma
..\data\Training\meningioma\Tr-me_947.jpg,meningioma
..\data\Training\meningioma\Tr-me_948.jpg,meningioma
..\data\Training\meningioma\Tr-me_949.jpg,meningioma
..\data\Training\meningioma\Tr-me_95.jpg,meningioma
..\data\Training\meningioma\Tr-me_950.jpg,meningioma
..\data\Training\meningioma\Tr-me_951.jpg,meningioma
..\data\Training\meningioma\Tr-me_952.jpg,meningioma
..\data\Training\meningioma\Tr-me_953.jpg,meningioma
..\data\Training\meningioma\Tr-me_954.jpg,meningioma
..\data\Training\meningioma\Tr-me_955.jpg,meningioma
..\data\Training\meningioma\Tr-me_956.jpg,meningioma
..\data\Training\meningioma\Tr-me_957.jpg,meningioma
..\data\Training\meningioma\Tr-me_958.jpg,meningioma
..\data\Training\meningioma\Tr-me_959.jpg,meningioma
..\data\Training\meningioma\Tr-me_96.jpg,meningioma
..\data\Training\meningioma\Tr-me_960.jpg,meningioma
..\data\Training\meningioma\Tr-me_961.jpg,meningioma
..\data\Training\meningioma\Tr-me_962.jpg,meningioma
..\data\Training\meningioma\Tr-me_963.jpg,meningioma
..\data\Training\meningioma\Tr-me_964.jpg,meningioma
..\data\Training\meningioma\Tr-me_965.jpg,meningioma
..\data\Training\meningioma\Tr-me_966.jpg,meningioma
..\data\Training\meningioma\Tr-me_967.jpg,meningioma
..\data\Training\meningioma\Tr-me_968.jpg,meningioma
..\data\Training\meningioma\Tr-me_969.jpg,meningioma
..\data\Training\meningioma\Tr-me_97.jpg,meningioma
..\data\Training\meningioma\Tr-me_970.jpg,meningioma
..\data\Training\meningioma\Tr-me_971.jpg,meningioma
..\data\Training\meningioma\Tr-me_972.jpg,meningioma
..\data\Training\meningioma\Tr-me_973.jpg,meningioma
..\data\Training\meningioma\Tr-me_974.jpg,meningioma
..\data\Training\meningioma\Tr-me_975.jpg,meningioma
..\data\Training\meningioma\Tr-me_976.jpg,meningioma
..\data\Training\meningioma\Tr-me_977.jpg,meningioma
..\data\Training\meningioma\Tr-me_978.jpg,meningioma
..\data\Training\meningioma\Tr-me_979.jpg,meningioma
..\data\Training\meningioma\Tr-me_98.jpg,meningioma
..\data\Training\meningioma\Tr-me_980.jpg,meningioma
..\data\Training\meningioma\Tr-me_981.jpg,meningioma
..\data\Training\meningioma\Tr-me_982.jpg,meningioma
..\data\Training\meningioma\Tr-me_983.jpg,meningioma
..\data\Training\meningioma\Tr-me_984.jpg,meningioma
..\data\Training\meningioma\Tr-me_985.jpg,meningioma
..\data\Training\meningioma\Tr-me_986.jpg,meningioma
..\data\Training\meningioma\Tr-me_987.jpg,meningioma
..\data\Training\meningioma\Tr-me_988.jpg,meningioma
..\data\Training\meningioma\Tr-me_989.jpg,meningioma
..\data\Training\meningioma\Tr-me_99.jpg,meningioma
..\data\Training\meningioma\Tr-me_990.jpg,meningioma
..\data\Training\meningioma\Tr-me_991.jpg,meningioma
..\data\Training\meningioma\Tr-me_992.jpg,meningioma
..\data\Training\meningioma\Tr-me_993.jpg,meningioma
..\data\Training\meningioma\Tr-me_994.jpg,meningioma
..\data\Training\meningioma\Tr-me_995.jpg,meningioma
..\data\Training\meningioma\Tr-me_996.jpg,meningioma
..\data\Training\meningioma\Tr-me_997.jpg,meningioma
..\data\Training\meningioma\Tr-me_998.jpg,meningioma
..\data\Training\meningioma\Tr-me_999.jpg,meningioma
..\data\Training\notumor\Tr-no_1.jpg,notumor
..\data\Training\notumor\Tr-no_10.jpg,notumor
..\data\Training\notumor\Tr-no_100.jpg,notumor
..\data\Training\notumor\Tr-no_1000.jpg,notumor
..\data\Training\notumor\Tr-no_1001.jpg,notumor
..\data\Training\notumor\Tr-no_1002.jpg,notumor
..\data\Training\notumor\Tr-no_1003.jpg,notumor
..\data\Training\notumor\Tr-no_1004.jpg,notumor
..\data\Training\notumor\Tr-no_1005.jpg,notumor
..\data\Training\notumor\Tr-no_1006.jpg,notumor
..\data\Training\notumor\Tr-no_1007.jpg,notumor
..\data\Training\notumor\Tr-no_1008.jpg,notumor
..\data\Training\notumor\Tr-no_1009.jpg,notumor
..\data\Training\notumor\Tr-no_101.jpg,notumor
..\data\Training\notumor\Tr-no_1010.jpg,notumor
..\data\Training\notumor\Tr-no_1011.jpg,notumor
..\data\Training\notumor\Tr-no_1012.jpg,notumor
..\data\Training\notumor\Tr-no_1013.jpg,notumor
..\data\Training\notumor\Tr-no_1014.jpg,notumor
..\data\Training\notumor\Tr-no_1015.jpg,notumor
..\data\Training\notumor\Tr-no_1016.jpg,notumor
..\data\Training\notumor\Tr-no_1017.jpg,notumor
..\data\Training\notumor\Tr-no_1018.jpg,notumor
..\data\Training\notumor\Tr-no_1019.jpg,notumor
..\data\Training\notumor\Tr-no_102.jpg,notumor
..\data\Training\notumor\Tr-no_1020.jpg,notumor
..\data\Training\notumor\Tr-no_1021.jpg,notumor
..\data\Training\notumor\Tr-no_1022.jpg,notumor
..\data\Training\notumor\Tr-no_1023.jpg,notumor
..\data\Training\notumor\Tr-no_1024.jpg,notumor
..\data\Training\notumor\Tr-no_1025.jpg,notumor
..\data\Training\notumor\Tr-no_1026.jpg,notumor
..\data\Training\notumor\Tr-no_1027.jpg,notumor
..\data\Training\notumor\Tr-no_1028.jpg,notumor
..\data\Training\notumor\Tr-no_1029.jpg,notumor
..\data\Training\notumor\Tr-no_103.jpg,notumor
..\data\Training\notumor\Tr-no_1030.jpg,notumor
..\data\Training\notumor\Tr-no_1031.jpg,notumor
..\data\Training\notumor\Tr-no_1032.jpg,notumor
..\data\Training\notumor\Tr-no_1033.jpg,notumor
..\data\Training\notumor\Tr-no_1034.jpg,notumor
..\data\Training\notumor\Tr-no_1035.jpg,notumor
..\data\Training\notumor\Tr-no_1036.jpg,notumor
..\data\Training\notumor\Tr-no_1037.jpg,notumor
..\data\Training\notumor\Tr-no_1038.jpg,notumor
..\data\Training\notumor\Tr-no_1039.jpg,notumor
..\data\Training\notumor\Tr-no_104.jpg,notumor
..\data\Training\notumor\Tr-no_1040.jpg,notumor
..\data\Training\notumor\Tr-no_1041.jpg,notumor
..\data\Training\notumor\Tr-no_1042.jpg,notumor
..\data\Training\notumor\Tr-no_1043.jpg,notumor
..\data\Training\notumor\Tr-no_1044.jpg,notumor
..\data\Training\notumor\Tr-no_1045.jpg,notumor
..\data\Training\notumor\Tr-no_1046.jpg,notumor
..\data\Training\notumor\Tr-no_1047.jpg,notumor
..\data\Training\notumor\Tr-no_1048.jpg,notumor
..\data\Training\notumor\Tr-no_1049.jpg,notumor
..\data\Training\notumor\Tr-no_105.jpg,notumor
..\data\Training\notumor\Tr-no_1050.jpg,notumor
..\data\Training\notumor\Tr-no_1051.jpg,notumor
..\data\Training\notumor\Tr-no_1052.jpg,notumor
..\data\Training\notumor\Tr-no_1053.jpg,notumor
..\data\Training\notumor\Tr-no_1054.jpg,notumor
..\data\Training\notumor\Tr-no_1055.jpg,notumor
..\data\Training\notumor\Tr-no_1056.jpg,notumor
..\data\Training\notumor\Tr-no_1057.jpg,notumor
..\data\Training\notumor\Tr-no_1058.jpg,notumor
..\data\Training\notumor\Tr-no_1059.jpg,notumor
..\data\Training\notumor\Tr-no_106.jpg,notumor
..\data\Training\notumor\Tr-no_1060.jpg,notumor
..\data\Training\notumor\Tr-no_1061.jpg,notumor
..\data\Training\notumor\Tr-no_1062.jpg,notumor
..\data\Training\notumor\Tr-no_1063.jpg,notumor
..\data\Training\notumor\Tr-no_1064.jpg,notumor
..\data\Training\notumor\Tr-no_1065.jpg,notumor
..\data\Training\notumor\Tr-no_1066.jpg,notumor
..\data\Training\notumor\Tr-no_1067.jpg,notumor
..\data\Training\notumor\Tr-no_1068.jpg,notumor
..\data\Training\notumor\Tr-no_1069.jpg,notumor
..\data\Training\notumor\Tr-no_107.jpg,notumor
..\data\Training\notumor\Tr-no_1070.jpg,notumor
..\data\Training\notumor\Tr-no_1071.jpg,notumor
..\data\Training\notumor\Tr-no_1072.jpg,notumor
..\data\Training\notumor\Tr-no_1073.jpg,notumor
..\data\Training\notumor\Tr-no_1074.jpg,notumor
..\data\Training\notumor\Tr-no_1075.jpg,notumor
..\data\Training\notumor\Tr-no_1076.jpg,notumor
..\data\Training\notumor\Tr-no_1077.jpg,notumor
..\data\Training\notumor\Tr-no_1078.jpg,notumor
..\data\Training\notumor\Tr-no_1079.jpg,notumor
..\data\Training\notumor\Tr-no_108.jpg,notumor
..\data\Training\notumor\Tr-no_1080.jpg,notumor
..\data\Training\notumor\Tr-no_1081.jpg,notumor
..\data\Training\notumor\Tr-no_1082.jpg,notumor
..\data\Training\notumor\Tr-no_1083.jpg,notumor
..\data\Training\notumor\Tr-no_1084.jpg,notumor
..\data\Training\notumor\Tr-no_1085.jpg,notumor
..\data\Training\notumor\Tr-no_1086.jpg,notumor
..\data\Training\notumor\Tr-no_1087.jpg,notumor
..\data\Training\notumor\Tr-no_1088.jpg,notumor
..\data\Training\notumor\Tr-no_1089.jpg,notumor
..\data\Training\notumor\Tr-no_109.jpg,notumor
..\data\Training\notumor\Tr-no_1090.jpg,notumor
..\data\Training\notumor\Tr-no_1091.jpg,notumor
..\data\Training\notumor\Tr-no_1092.jpg,notumor
..\data\Training\notumor\Tr-no_1093.jpg,notumor
..\data\Training\notumor\Tr-no_1094.jpg,notumor
..\data\Training\notumor\Tr-no_1095.jpg,notumor
..\data\Training\notumor\Tr-no_1096.jpg,notumor
..\data\Training\notumor\Tr-no_1097.jpg,notumor
..\data\Training\notumor\Tr-no_1098.jpg,notumor
..\data\Training\notumor\Tr-no_1099.jpg,notumor
..\data\Training\notumor\Tr-no_11.jpg,notumor
..\data\Training\notumor\Tr-no_110.jpg,notumor
..\data\Training\notumor\Tr-no_1100.jpg,notumor
..\data\Training\notumor\Tr-no_1101.jpg,notumor
..\data\Training\notumor\Tr-no_1102.jpg,notumor
..\data\Training\notumor\Tr-no_1103.jpg,notumor
..\data\Training\notumor\Tr-no_1104.jpg,notumor
..\data\Training\notumor\Tr-no_1105.jpg,notumor
..\data\Training\notumor\Tr-no_1106.jpg,notumor
..\data\Training\notumor\Tr-no_1107.jpg,notumor
..\data\Training\notumor\Tr-no_1108.jpg,notumor
..\data\Training\notumor\Tr-no_1109.jpg,notumor
..\data\Training\notumor\Tr-no_111.jpg,notumor
..\data\Training\notumor\Tr-no_1110.jpg,notumor
..\data\Training\notumor\Tr-no_1111.jpg,notumor
..\data\Training\notumor\Tr-no_1112.jpg,notumor
..\data\Training\notumor\Tr-no_1113.jpg,notumor
..\data\Training\notumor\Tr-no_1114.jpg,notumor
..\data\Training\notumor\Tr-no_1115.jpg,notumor
..\data\Training\notumor\Tr-no_1116.jpg,notumor
..\data\Training\notumor\Tr-no_1117.jpg,notumor
..\data\Training\notumor\Tr-no_1118.jpg,notumor
..\data\Training\notumor\Tr-no_1119.jpg,notumor
..\data\Training\notumor\Tr-no_112.jpg,notumor
..\data\Training\notumor\Tr-no_1120.jpg,notumor
..\data\Training\notumor\Tr-no_1121.jpg,notumor
..\data\Training\notumor\Tr-no_1122.jpg,notumor
..\data\Training\notumor\Tr-no_1123.jpg,notumor
..\data\Training\notumor\Tr-no_1124.jpg,notumor
..\data\Training\notumor\Tr-no_1125.jpg,notumor
..\data\Training\notumor\Tr-no_1126.jpg,notumor
..\data\Training\notumor\Tr-no_1127.jpg,notumor
..\data\Training\notumor\Tr-no_1128.jpg,notumor
..\data\Training\notumor\Tr-no_1129.jpg,notumor
..\data\Training\notumor\Tr-no_113.jpg,notumor
..\data\Training\notumor\Tr-no_1130.jpg,notumor
..\data\Training\notumor\Tr-no_1131.jpg,notumor
..\data\Training\notumor\Tr-no_1132.jpg,notumor
..\data\Training\notumor\Tr-no_1133.jpg,notumor
..\data\Training\notumor\Tr-no_1134.jpg,notumor
..\data\Training\notumor\Tr-no_1135.jpg,notumor
..\data\Training\notumor\Tr-no_1136.jpg,notumor
..\data\Training\notumor\Tr-no_1137.jpg,notumor
..\data\Training\notumor\Tr-no_1138.jpg,notumor
..\data\Training\notumor\Tr-no_1139.jpg,notumor
..\data\Training\notumor\Tr-no_114.jpg,notumor
..\data\Training\notumor\Tr-no_1140.jpg,notumor
..\data\Training\notumor\Tr-no_1141.jpg,notumor
..\data\Training\notumor\Tr-no_1142.jpg,notumor
..\data\Training\notumor\Tr-no_1143.jpg,notumor
..\data\Training\notumor\Tr-no_1144.jpg,notumor
..\data\Training\notumor\Tr-no_1145.jpg,notumor
..\data\Training\notumor\Tr-no_1146.jpg,notumor
..\data\Training\notumor\Tr-no_1147.jpg,notumor
..\data\Training\notumor\Tr-no_1148.jpg,notumor
..\data\Training\notumor\Tr-no_1149.jpg,notumor
..\data\Training\notumor\Tr-no_115.jpg,notumor
..\data\Training\notumor\Tr-no_1150.jpg,notumor
..\data\Training\notumor\Tr-no_1151.jpg,notumor
..\data\Training\notumor\Tr-no_1152.jpg,notumor
..\data\Training\notumor\Tr-no_1153.jpg,notumor
..\data\Training\notumor\Tr-no_1154.jpg,notumor
..\data\Training\notumor\Tr-no_1155.jpg,notumor
..\data\Training\notumor\Tr-no_1156.jpg,notumor
..\data\Training\notumor\Tr-no_1157.jpg,notumor
..\data\Training\notumor\Tr-no_1158.jpg,notumor
..\data\Training\notumor\Tr-no_1159.jpg,notumor
..\data\Training\notumor\Tr-no_116.jpg,notumor
..\data\Training\notumor\Tr-no_1160.jpg,notumor
..\data\Training\notumor\Tr-no_1161.jpg,notumor
..\data\Training\notumor\Tr-no_1162.jpg,notumor
..\data\Training\notumor\Tr-no_1163.jpg,notumor
..\data\Training\notumor\Tr-no_1164.jpg,notumor
..\data\Training\notumor\Tr-no_1165.jpg,notumor
..\data\Training\notumor\Tr-no_1166.jpg,notumor
..\data\Training\notumor\Tr-no_1167.jpg,notumor
..\data\Training\notumor\Tr-no_1168.jpg,notumor
..\data\Training\notumor\Tr-no_1169.jpg,notumor
..\data\Training\notumor\Tr-no_117.jpg,notumor
..\data\Training\notumor\Tr-no_1170.jpg,notumor
..\data\Training\notumor\Tr-no_1171.jpg,notumor
..\data\Training\notumor\Tr-no_1172.jpg,notumor
..\data\Training\notumor\Tr-no_1173.jpg,notumor
..\data\Training\notumor\Tr-no_1174.jpg,notumor
..\data\Training\notumor\Tr-no_1175.jpg,notumor
..\data\Training\notumor\Tr-no_1176.jpg,notumor
..\data\Training\notumor\Tr-no_1177.jpg,notumor
..\data\Training\notumor\Tr-no_1178.jpg,notumor
..\data\Training\notumor\Tr-no_1179.jpg,notumor
..\data\Training\notumor\Tr-no_118.jpg,notumor
..\data\Training\notumor\Tr-no_1180.jpg,notumor
..\data\Training\notumor\Tr-no_1181.jpg,notumor
..\data\Training\notumor\Tr-no_1182.jpg,notumor
..\data\Training\notumor\Tr-no_1183.jpg,notumor
..\data\Training\notumor\Tr-no_1184.jpg,notumor
..\data\Training\notumor\Tr-no_1185.jpg,notumor
..\data\Training\notumor\Tr-no_1186.jpg,notumor
..\data\Training\notumor\Tr-no_1187.jpg,notumor
..\data\Training\notumor\Tr-no_1188.jpg,notumor
..\data\Training\notumor\Tr-no_1189.jpg,notumor
..\data\Training\notumor\Tr-no_119.jpg,notumor
..\data\Training\notumor\Tr-no_1190.jpg,notumor
..\data\Training\notumor\Tr-no_1191.jpg,notumor
..\data\Training\notumor\Tr-no_1192.jpg,notumor
..\data\Training\notumor\Tr-no_1193.jpg,notumor
..\data\Training\notumor\Tr-no_1194.jpg,notumor
..\data\Training\notumor\Tr-no_1195.jpg,notumor
..\data\Training\notumor\Tr-no_1196.jpg,notumor
..\data\Training\notumor\Tr-no_1197.jpg,notumor
..\data\Training\notumor\Tr-no_1198.jpg,notumor
..\data\Training\notumor\Tr-no_1199.jpg,notumor
..\data\Training\notumor\Tr-no_12.jpg,notumor
..\data\Training\notumor\Tr-no_120.jpg,notumor
..\data\Training\notumor\Tr-no_1200.jpg,notumor
..\data\Training\notumor\Tr-no_1201.jpg,notumor
..\data\Training\notumor\Tr-no_1202.jpg,notumor
..\data\Training\notumor\Tr-no_1203.jpg,notumor
..\data\Training\notumor\Tr-no_1204.jpg,notumor
..\data\Training\notumor\Tr-no_1205.jpg,notumor
..\data\Training\notumor\Tr-no_1206.jpg,notumor
..\data\Training\notumor\Tr-no_1207.jpg,notumor
..\data\Training\notumor\Tr-no_1208.jpg,notumor
..\data\Training\notumor\Tr-no_1209.jpg,notumor
..\data\Training\notumor\Tr-no_121.jpg,notumor
..\data\Training\notumor\Tr-no_1210.jpg,notumor
..\data\Training\notumor\Tr-no_1211.jpg,notumor
..\data\Training\notumor\Tr-no_1212.jpg,notumor
..\data\Training\notumor\Tr-no_1213.jpg,notumor
..\data\Training\notumor\Tr-no_1214.jpg,notumor
..\data\Training\notumor\Tr-no_1215.jpg,notumor
..\data\Training\notumor\Tr-no_1216.jpg,notumor
..\data\Training\notumor\Tr-no_1217.jpg,notumor
..\data\Training\notumor\Tr-no_1218.jpg,notumor
..\data\Training\notumor\Tr-no_1219.jpg,notumor
..\data\Training\notumor\Tr-no_122.jpg,notumor
..\data\Training\notumor\Tr-no_1220.jpg,notumor
..\data\Training\notumor\Tr-no_1221.jpg,notumor
..\data\Training\notumor\Tr-no_1222.jpg,notumor
..\data\Training\notumor\Tr-no_1223.jpg,notumor
..\data\Training\notumor\Tr-no_1224.jpg,notumor
..\data\Training\notumor\Tr-no_1225.jpg,notumor
..\data\Training\notumor\Tr-no_1226.jpg,notumor
..\data\Training\notumor\Tr-no_1227.jpg,notumor
..\data\Training\notumor\Tr-no_1228.jpg,notumor
..\data\Training\notumor\Tr-no_1229.jpg,notumor
..\data\Training\notumor\Tr-no_123.jpg,notumor
..\data\Training\notumor\Tr-no_1230.jpg,notumor
..\data\Training\notumor\Tr-no_1231.jpg,notumor
..\data\Training\notumor\Tr-no_1232.jpg,notumor
..\data\Training\notumor\Tr-no_1233.jpg,notumor
..\data\Training\notumor\Tr-no_1234.jpg,notumor
..\data\Training\notumor\Tr-no_1235.jpg,notumor
..\data\Training\notumor\Tr-no_1236.jpg,notumor
..\data\Training\notumor\Tr-no_1237.jpg,notumor
..\data\Training\notumor\Tr-no_1238.jpg,notumor
..\data\Training\notumor\Tr-no_1239.jpg,notumor
..\data\Training\notumor\Tr-no_124.jpg,notumor
..\data\Training\notumor\Tr-no_1240.jpg,notumor
..\data\Training\notumor\Tr-no_1241.jpg,notumor
..\data\Training\notumor\Tr-no_1242.jpg,notumor
..\data\Training\notumor\Tr-no_1243.jpg,notumor
..\data\Training\notumor\Tr-no_1244.jpg,notumor
..\data\Training\notumor\Tr-no_1245.jpg,notumor
..\data\Training\notumor\Tr-no_1246.jpg,notumor
..\data\Training\notumor\Tr-no_1247.jpg,notumor
..\data\Training\notumor\Tr-no_1248.jpg,notumor
..\data\Training\notumor\Tr-no_1249.jpg,notumor
..\data\Training\notumor\Tr-no_125.jpg,notumor
..\data\Training\notumor\Tr-no_1250.jpg,notumor
..\data\Training\notumor\Tr-no_1251.jpg,notumor
..\data\Training\notumor\Tr-no_1252.jpg,notumor
..\data\Training\notumor\Tr-no_1253.jpg,notumor
..\data\Training\notumor\Tr-no_1254.jpg,notumor
..\data\Training\notumor\Tr-no_1255.jpg,notumor
..\data\Training\notumor\Tr-no_1256.jpg,notumor
..\data\Training\notumor\Tr-no_1257.jpg,notumor
..\data\Training\notumor\Tr-no_1258.jpg,notumor
..\data\Training\notumor\Tr-no_1259.jpg,notumor
..\data\Training\notumor\Tr-no_126.jpg,notumor
..\data\Training\notumor\Tr-no_1260.jpg,notumor
..\data\Training\notumor\Tr-no_1261.jpg,notumor
..\data\Training\notumor\Tr-no_1262.jpg,notumor
..\data\Training\notumor\Tr-no_1263.jpg,notumor
..\data\Training\notumor\Tr-no_1264.jpg,notumor
..\data\Training\notumor\Tr-no_1265.jpg,notumor
..\data\Training\notumor\Tr-no_1266.jpg,notumor
..\data\Training\notumor\Tr-no_1267.jpg,notumor
..\data\Training\notumor\Tr-no_1268.jpg,notumor
..\data\Training\notumor\Tr-no_1269.jpg,notumor
..\data\Training\notumor\Tr-no_127.jpg,notumor
..\data\Training\notumor\Tr-no_1270.jpg,notumor
..\data\Training\notumor\Tr-no_1271.jpg,notumor
..\data\Training\notumor\Tr-no_1272.jpg,notumor
..\data\Training\notumor\Tr-no_1273.jpg,notumor
..\data\Training\notumor\Tr-no_1274.jpg,notumor
..\data\Training\notumor\Tr-no_1275.jpg,notumor
..\data\Training\notumor\Tr-no_1276.jpg,notumor
..\data\Training\notumor\Tr-no_1277.jpg,notumor
..\data\Training\notumor\Tr-no_1278.jpg,notumor
..\data\Training\notumor\Tr-no_1279.jpg,notumor
..\data\Training\notumor\Tr-no_128.jpg,notumor
..\data\Training\notumor\Tr-no_1280.jpg,notumor
..\data\Training\notumor\Tr-no_1281.jpg,notumor
..\data\Training\notumor\Tr-no_1282.jpg,notumor
..\data\Training\notumor\Tr-no_1283.jpg,notumor
..\data\Training\notumor\Tr-no_1284.jpg,notumor
..\data\Training\notumor\Tr-no_1285.jpg,notumor
..\data\Training\notumor\Tr-no_1286.jpg,notumor
..\data\Training\notumor\Tr-no_1287.jpg,notumor
..\data\Training\notumor\Tr-no_1288.jpg,notumor
..\data\Training\notumor\Tr-no_1289.jpg,notumor
..\data\Training\notumor\Tr-no_129.jpg,notumor
..\data\Training\notumor\Tr-no_1290.jpg,notumor
..\data\Training\notumor\Tr-no_1291.jpg,notumor
..\data\Training\notumor\Tr-no_1292.jpg,notumor
..\data\Training\notumor\Tr-no_1293.jpg,notumor
..\data\Training\notumor\Tr-no_1294.jpg,notumor
..\data\Training\notumor\Tr-no_1295.jpg,notumor
..\data\Training\notumor\Tr-no_1296.jpg,notumor
..\data\Training\notumor\Tr-no_1297.jpg,notumor
..\data\Training\notumor\Tr-no_1298.jpg,notumor
..\data\Training\notumor\Tr-no_1299.jpg,notumor
..\data\Training\notumor\Tr-no_13.jpg,notumor
..\data\Training\notumor\Tr-no_130.jpg,notumor
..\data\Training\notumor\Tr-no_1300.jpg,notumor
..\data\Training\notumor\Tr-no_1301.jpg,notumor
..\data\Training\notumor\Tr-no_1302.jpg,notumor
..\data\Training\notumor\Tr-no_1303.jpg,notumor
..\data\Training\notumor\Tr-no_1304.jpg,notumor
..\data\Training\notumor\Tr-no_1305.jpg,notumor
..\data\Training\notumor\Tr-no_1306.jpg,notumor
..\data\Training\notumor\Tr-no_1307.jpg,notumor
..\data\Training\notumor\Tr-no_1308.jpg,notumor
..\data\Training\notumor\Tr-no_1309.jpg,notumor
..\data\Training\notumor\Tr-no_131.jpg,notumor
..\data\Training\notumor\Tr-no_1310.jpg,notumor
..\data\Training\notumor\Tr-no_1311.jpg,notumor
..\data\Training\notumor\Tr-no_1312.jpg,notumor
..\data\Training\notumor\Tr-no_1313.jpg,notumor
..\data\Training\notumor\Tr-no_1314.jpg,notumor
..\data\Training\notumor\Tr-no_1315.jpg,notumor
..\data\Training\notumor\Tr-no_1316.jpg,notumor
..\data\Training\notumor\Tr-no_1317.jpg,notumor
..\data\Training\notumor\Tr-no_1318.jpg,notumor
..\data\Training\notumor\Tr-no_1319.jpg,notumor
..\data\Training\notumor\Tr-no_132.jpg,notumor
..\data\Training\notumor\Tr-no_1320.jpg,notumor
..\data\Training\notumor\Tr-no_1321.jpg,notumor
..\data\Training\notumor\Tr-no_1322.jpg,notumor
..\data\Training\notumor\Tr-no_1323.jpg,notumor
..\data\Training\notumor\Tr-no_1324.jpg,notumor
..\data\Training\notumor\Tr-no_1325.jpg,notumor
..\data\Training\notumor\Tr-no_1326.jpg,notumor
..\data\Training\notumor\Tr-no_1327.jpg,notumor
..\data\Training\notumor\Tr-no_1328.jpg,notumor
..\data\Training\notumor\Tr-no_1329.jpg,notumor
..\data\Training\notumor\Tr-no_133.jpg,notumor
..\data\Training\notumor\Tr-no_1330.jpg,notumor
..\data\Training\notumor\Tr-no_1331.jpg,notumor
..\data\Training\notumor\Tr-no_1332.jpg,notumor
..\data\Training\notumor\Tr-no_1333.jpg,notumor
..\data\Training\notumor\Tr-no_1334.jpg,notumor
..\data\Training\notumor\Tr-no_1335.jpg,notumor
..\data\Training\notumor\Tr-no_1336.jpg,notumor
..\data\Training\notumor\Tr-no_1337.jpg,notumor
..\data\Training\notumor\Tr-no_1338.jpg,notumor
..\data\Training\notumor\Tr-no_1339.jpg,notumor
..\data\Training\notumor\Tr-no_134.jpg,notumor
..\data\Training\notumor\Tr-no_1340.jpg,notumor
..\data\Training\notumor\Tr-no_1341.jpg,notumor
..\data\Training\notumor\Tr-no_1342.jpg,notumor
..\data\Training\notumor\Tr-no_1343.jpg,notumor
..\data\Training\notumor\Tr-no_1344.jpg,notumor
..\data\Training\notumor\Tr-no_1345.jpg,notumor
..\data\Training\notumor\Tr-no_1346.jpg,notumor
..\data\Training\notumor\Tr-no_1347.jpg,notumor
..\data\Training\notumor\Tr-no_1348.jpg,notumor
..\data\Training\notumor\Tr-no_1349.jpg,notumor
..\data\Training\notumor\Tr-no_135.jpg,notumor
..\data\Training\notumor\Tr-no_1350.jpg,notumor
..\data\Training\notumor\Tr-no_1351.jpg,notumor
..\data\Training\notumor\Tr-no_1352.jpg,notumor
..\data\Training\notumor\Tr-no_1353.jpg,notumor
..\data\Training\notumor\Tr-no_1354.jpg,notumor
..\data\Training\notumor\Tr-no_1355.jpg,notumor
..\data\Training\notumor\Tr-no_1356.jpg,notumor
..\data\Training\notumor\Tr-no_1357.jpg,notumor
..\data\Training\notumor\Tr-no_1358.jpg,notumor
..\data\Training\notumor\Tr-no_1359.jpg,notumor
..\data\Training\notumor\Tr-no_136.jpg,notumor
..\data\Training\notumor\Tr-no_1360.jpg,notumor
..\data\Training\notumor\Tr-no_1361.jpg,notumor
..\data\Training\notumor\Tr-no_1362.jpg,notumor
..\data\Training\notumor\Tr-no_1363.jpg,notumor
..\data\Training\notumor\Tr-no_1364.jpg,notumor
..\data\Training\notumor\Tr-no_1365.jpg,notumor
..\data\Training\notumor\Tr-no_1366.jpg,notumor
..\data\Training\notumor\Tr-no_1367.jpg,notumor
..\data\Training\notumor\Tr-no_1368.jpg,notumor
..\data\Training\notumor\Tr-no_1369.jpg,notumor
..\data\Training\notumor\Tr-no_137.jpg,notumor
..\data\Training\notumor\Tr-no_1370.jpg,notumor
..\data\Training\notumor\Tr-no_1371.jpg,notumor
..\data\Training\notumor\Tr-no_1372.jpg,notumor
..\data\Training\notumor\Tr-no_1373.jpg,notumor
..\data\Training\notumor\Tr-no_1374.jpg,notumor
..\data\Training\notumor\Tr-no_1375.jpg,notumor
..\data\Training\notumor\Tr-no_1376.jpg,notumor
..\data\Training\notumor\Tr-no_1377.jpg,notumor
..\data\Training\notumor\Tr-no_1378.jpg,notumor
..\data\Training\notumor\Tr-no_1379.jpg,notumor
..\data\Training\notumor\Tr-no_138.jpg,notumor
..\data\Training\notumor\Tr-no_1380.jpg,notumor
..\data\Training\notumor\Tr-no_1381.jpg,notumor
..\data\Training\notumor\Tr-no_1382.jpg,notumor
..\data\Training\notumor\Tr-no_1383.jpg,notumor
..\data\Training\notumor\Tr-no_1384.jpg,notumor
..\data\Training\notumor\Tr-no_1385.jpg,notumor
..\data\Training\notumor\Tr-no_1386.jpg,notumor
..\data\Training\notumor\Tr-no_1387.jpg,notumor
..\data\Training\notumor\Tr-no_1388.jpg,notumor
..\data\Training\notumor\Tr-no_1389.jpg,notumor
..\data\Training\notumor\Tr-no_139.jpg,notumor
..\data\Training\notumor\Tr-no_1390.jpg,notumor
..\data\Training\notumor\Tr-no_1391.jpg,notumor
..\data\Training\notumor\Tr-no_1392.jpg,notumor
..\data\Training\notumor\Tr-no_1393.jpg,notumor
..\data\Training\notumor\Tr-no_1394.jpg,notumor
..\data\Training\notumor\Tr-no_1395.jpg,notumor
..\data\Training\notumor\Tr-no_1396.jpg,notumor
..\data\Training\notumor\Tr-no_1397.jpg,notumor
..\data\Training\notumor\Tr-no_1398.jpg,notumor
..\data\Training\notumor\Tr-no_1399.jpg,notumor
..\data\Training\notumor\Tr-no_14.jpg,notumor
..\data\Training\notumor\Tr-no_140.jpg,notumor
..\data\Training\notumor\Tr-no_1400.jpg,notumor
..\data\Training\notumor\Tr-no_141.jpg,notumor
..\data\Training\notumor\Tr-no_142.jpg,notumor
..\data\Training\notumor\Tr-no_143.jpg,notumor
..\data\Training\notumor\Tr-no_144.jpg,notumor
..\data\Training\notumor\Tr-no_145.jpg,notumor
..\data\Training\notumor\Tr-no_146.jpg,notumor
..\data\Training\notumor\Tr-no_147.jpg,notumor
..\data\Training\notumor\Tr-no_148.jpg,notumor
..\data\Training\notumor\Tr-no_149.jpg,notumor
..\data\Training\notumor\Tr-no_15.jpg,notumor
..\data\Training\notumor\Tr-no_150.jpg,notumor
..\data\Training\notumor\Tr-no_151.jpg,notumor
..\data\Training\notumor\Tr-no_152.jpg,notumor
..\data\Training\notumor\Tr-no_153.jpg,notumor
..\data\Training\notumor\Tr-no_154.jpg,notumor
..\data\Training\notumor\Tr-no_155.jpg,notumor
..\data\Training\notumor\Tr-no_156.jpg,notumor
..\data\Training\notumor\Tr-no_157.jpg,notumor
..\data\Training\notumor\Tr-no_158.jpg,notumor
..\data\Training\notumor\Tr-no_159.jpg,notumor
..\data\Training\notumor\Tr-no_16.jpg,notumor
..\data\Training\notumor\Tr-no_160.jpg,notumor
..\data\Training\notumor\Tr-no_161.jpg,notumor
..\data\Training\notumor\Tr-no_162.jpg,notumor
..\data\Training\notumor\Tr-no_163.jpg,notumor
..\data\Training\notumor\Tr-no_164.jpg,notumor
..\data\Training\notumor\Tr-no_165.jpg,notumor
..\data\Training\notumor\Tr-no_166.jpg,notumor
..\data\Training\notumor\Tr-no_167.jpg,notumor
..\data\Training\notumor\Tr-no_168.jpg,notumor
..\data\Training\notumor\Tr-no_169.jpg,notumor
..\data\Training\notumor\Tr-no_17.jpg,notumor
..\data\Training\notumor\Tr-no_170.jpg,notumor
..\data\Training\notumor\Tr-no_171.jpg,notumor
..\data\Training\notumor\Tr-no_172.jpg,notumor
..\data\Training\notumor\Tr-no_173.jpg,notumor
..\data\Training\notumor\Tr-no_174.jpg,notumor
..\data\Training\notumor\Tr-no_175.jpg,notumor
..\data\Training\notumor\Tr-no_176.jpg,notumor
..\data\Training\notumor\Tr-no_177.jpg,notumor
..\data\Training\notumor\Tr-no_178.jpg,notumor
..\data\Training\notumor\Tr-no_179.jpg,notumor
..\data\Training\notumor\Tr-no_18.jpg,notumor
..\data\Training\notumor\Tr-no_180.jpg,notumor
..\data\Training\notumor\Tr-no_181.jpg,notumor
..\data\Training\notumor\Tr-no_182.jpg,notumor
..\data\Training\notumor\Tr-no_183.jpg,notumor
..\data\Training\notumor\Tr-no_184.jpg,notumor
..\data\Training\notumor\Tr-no_185.jpg,notumor
..\data\Training\notumor\Tr-no_186.jpg,notumor
..\data\Training\notumor\Tr-no_187.jpg,notumor
..\data\Training\notumor\Tr-no_188.jpg,notumor
..\data\Training\notumor\Tr-no_189.jpg,notumor
..\data\Training\notumor\Tr-no_19.jpg,notumor
..\data\Training\notumor\Tr-no_190.jpg,notumor
..\data\Training\notumor\Tr-no_191.jpg,notumor
..\data\Training\notumor\Tr-no_192.jpg,notumor
..\data\Training\notumor\Tr-no_193.jpg,notumor
..\data\Training\notumor\Tr-no_194.jpg,notumor
..\data\Training\notumor\Tr-no_195.jpg,notumor
..\data\Training\notumor\Tr-no_196.jpg,notumor
..\data\Training\notumor\Tr-no_197.jpg,notumor
..\data\Training\notumor\Tr-no_198.jpg,notumor
..\data\Training\notumor\Tr-no_199.jpg,notumor
..\data\Training\notumor\Tr-no_2.jpg,notumor
..\data\Training\notumor\Tr-no_20.jpg,notumor
..\data\Training\notumor\Tr-no_200.jpg,notumor
..\data\Training\notumor\Tr-no_201.jpg,notumor
..\data\Training\notumor\Tr-no_202.jpg,notumor
..\data\Training\notumor\Tr-no_203.jpg,notumor
..\data\Training\notumor\Tr-no_204.jpg,notumor
..\data\Training\notumor\Tr-no_205.jpg,notumor
..\data\Training\notumor\Tr-no_206.jpg,notumor
..\data\Training\notumor\Tr-no_207.jpg,notumor
..\data\Training\notumor\Tr-no_208.jpg,notumor
..\data\Training\notumor\Tr-no_209.jpg,notumor
..\data\Training\notumor\Tr-no_21.jpg,notumor
..\data\Training\notumor\Tr-no_210.jpg,notumor
..\data\Training\notumor\Tr-no_211.jpg,notumor
..\data\Training\notumor\Tr-no_212.jpg,notumor
..\data\Training\notumor\Tr-no_213.jpg,notumor
..\data\Training\notumor\Tr-no_214.jpg,notumor
..\data\Training\notumor\Tr-no_215.jpg,notumor
..\data\Training\notumor\Tr-no_216.jpg,notumor
..\data\Training\notumor\Tr-no_217.jpg,notumor
..\data\Training\notumor\Tr-no_218.jpg,notumor
..\data\Training\notumor\Tr-no_219.jpg,notumor
..\data\Training\notumor\Tr-no_22.jpg,notumor
..\data\Training\notumor\Tr-no_220.jpg,notumor
..\data\Training\notumor\Tr-no_221.jpg,notumor
..\data\Training\notumor\Tr-no_222.jpg,notumor
..\data\Training\notumor\Tr-no_223.jpg,notumor
..\data\Training\notumor\Tr-no_224.jpg,notumor
..\data\Training\notumor\Tr-no_225.jpg,notumor
..\data\Training\notumor\Tr-no_226.jpg,notumor
..\data\Training\notumor\Tr-no_227.jpg,notumor
..\data\Training\notumor\Tr-no_228.jpg,notumor
..\data\Training\notumor\Tr-no_229.jpg,notumor
..\data\Training\notumor\Tr-no_23.jpg,notumor
..\data\Training\notumor\Tr-no_230.jpg,notumor
..\data\Training\notumor\Tr-no_231.jpg,notumor
..\data\Training\notumor\Tr-no_232.jpg,notumor
..\data\Training\notumor\Tr-no_233.jpg,notumor
..\data\Training\notumor\Tr-no_234.jpg,notumor
..\data\Training\notumor\Tr-no_235.jpg,notumor
..\data\Training\notumor\Tr-no_236.jpg,notumor
..\data\Training\notumor\Tr-no_237.jpg,notumor
..\data\Training\notumor\Tr-no_238.jpg,notumor
..\data\Training\notumor\Tr-no_239.jpg,notumor
..\data\Training\notumor\Tr-no_24.jpg,notumor
..\data\Training\notumor\Tr-no_240.jpg,notumor
..\data\Training\notumor\Tr-no_241.jpg,notumor
..\data\Training\notumor\Tr-no_242.jpg,notumor
..\data\Training\notumor\Tr-no_243.jpg,notumor
..\data\Training\notumor\Tr-no_244.jpg,notumor
..\data\Training\notumor\Tr-no_245.jpg,notumor
..\data\Training\notumor\Tr-no_246.jpg,notumor
..\data\Training\notumor\Tr-no_247.jpg,notumor
..\data\Training\notumor\Tr-no_248.jpg,notumor
..\data\Training\notumor\Tr-no_249.jpg,notumor
..\data\Training\notumor\Tr-no_25.jpg,notumor
..\data\Training\notumor\Tr-no_250.jpg,notumor
..\data\Training\notumor\Tr-no_251.jpg,notumor
..\data\Training\notumor\Tr-no_252.jpg,notumor
..\data\Training\notumor\Tr-no_253.jpg,notumor
..\data\Training\notumor\Tr-no_254.jpg,notumor
..\data\Training\notumor\Tr-no_255.jpg,notumor
..\data\Training\notumor\Tr-no_256.jpg,notumor
..\data\Training\notumor\Tr-no_257.jpg,notumor
..\data\Training\notumor\Tr-no_258.jpg,notumor
..\data\Training\notumor\Tr-no_259.jpg,notumor
..\data\Training\notumor\Tr-no_26.jpg,notumor
..\data\Training\notumor\Tr-no_260.jpg,notumor
..\data\Training\notumor\Tr-no_261.jpg,notumor
..\data\Training\notumor\Tr-no_262.jpg,notumor
..\data\Training\notumor\Tr-no_263.jpg,notumor
..\data\Training\notumor\Tr-no_264.jpg,notumor
..\data\Training\notumor\Tr-no_265.jpg,notumor
..\data\Training\notumor\Tr-no_266.jpg,notumor
..\data\Training\notumor\Tr-no_267.jpg,notumor
..\data\Training\notumor\Tr-no_268.jpg,notumor
..\data\Training\notumor\Tr-no_269.jpg,notumor
..\data\Training\notumor\Tr-no_27.jpg,notumor
..\data\Training\notumor\Tr-no_270.jpg,notumor
..\data\Training\notumor\Tr-no_271.jpg,notumor
..\data\Training\notumor\Tr-no_272.jpg,notumor
..\data\Training\notumor\Tr-no_273.jpg,notumor
..\data\Training\notumor\Tr-no_274.jpg,notumor
..\data\Training\notumor\Tr-no_275.jpg,notumor
..\data\Training\notumor\Tr-no_276.jpg,notumor
..\data\Training\notumor\Tr-no_277.jpg,notumor
..\data\Training\notumor\Tr-no_278.jpg,notumor
..\data\Training\notumor\Tr-no_279.jpg,notumor
..\data\Training\notumor\Tr-no_28.jpg,notumor
..\data\Training\notumor\Tr-no_280.jpg,notumor
..\data\Training\notumor\Tr-no_281.jpg,notumor
..\data\Training\notumor\Tr-no_282.jpg,notumor
..\data\Training\notumor\Tr-no_283.jpg,notumor
..\data\Training\notumor\Tr-no_284.jpg,notumor
..\data\Training\notumor\Tr-no_285.jpg,notumor
..\data\Training\notumor\Tr-no_286.jpg,notumor
..\data\Training\notumor\Tr-no_287.jpg,notumor
..\data\Training\notumor\Tr-no_288.jpg,notumor
..\data\Training\notumor\Tr-no_289.jpg,notumor
..\data\Training\notumor\Tr-no_29.jpg,notumor
..\data\Training\notumor\Tr-no_290.jpg,notumor
..\data\Training\notumor\Tr-no_291.jpg,notumor
..\data\Training\notumor\Tr-no_292.jpg,notumor
..\data\Training\notumor\Tr-no_293.jpg,notumor
..\data\Training\notumor\Tr-no_294.jpg,notumor
..\data\Training\notumor\Tr-no_295.jpg,notumor
..\data\Training\notumor\Tr-no_296.jpg,notumor
..\data\Training\notumor\Tr-no_297.jpg,notumor
..\data\Training\notumor\Tr-no_298.jpg,notumor
..\data\Training\notumor\Tr-no_299.jpg,notumor
..\data\Training\notumor\Tr-no_3.jpg,notumor
..\data\Training\notumor\Tr-no_30.jpg,notumor
..\data\Training\notumor\Tr-no_300.jpg,notumor
..\data\Training\notumor\Tr-no_301.jpg,notumor
..\data\Training\notumor\Tr-no_302.jpg,notumor
..\data\Training\notumor\Tr-no_303.jpg,notumor
..\data\Training\notumor\Tr-no_304.jpg,notumor
..\data\Training\notumor\Tr-no_305.jpg,notumor
..\data\Training\notumor\Tr-no_306.jpg,notumor
..\data\Training\notumor\Tr-no_307.jpg,notumor
..\data\Training\notumor\Tr-no_308.jpg,notumor
..\data\Training\notumor\Tr-no_309.jpg,notumor
..\data\Training\notumor\Tr-no_31.jpg,notumor
..\data\Training\notumor\Tr-no_310.jpg,notumor
..\data\Training\notumor\Tr-no_311.jpg,notumor
..\data\Training\notumor\Tr-no_312.jpg,notumor
..\data\Training\notumor\Tr-no_313.jpg,notumor
..\data\Training\notumor\Tr-no_314.jpg,notumor
..\data\Training\notumor\Tr-no_315.jpg,notumor
..\data\Training\notumor\Tr-no_316.jpg,notumor
..\data\Training\notumor\Tr-no_317.jpg,notumor
..\data\Training\notumor\Tr-no_318.jpg,notumor
..\data\Training\notumor\Tr-no_319.jpg,notumor
..\data\Training\notumor\Tr-no_32.jpg,notumor
..\data\Training\notumor\Tr-no_320.jpg,notumor
..\data\Training\notumor\Tr-no_321.jpg,notumor
..\data\Training\notumor\Tr-no_322.jpg,notumor
..\data\Training\notumor\Tr-no_323.jpg,notumor
..\data\Training\notumor\Tr-no_324.jpg,notumor
..\data\Training\notumor\Tr-no_325.jpg,notumor
..\data\Training\notumor\Tr-no_326.jpg,notumor
..\data\Training\notumor\Tr-no_327.jpg,notumor
..\data\Training\notumor\Tr-no_328.jpg,notumor
..\data\Training\notumor\Tr-no_329.jpg,notumor
..\data\Training\notumor\Tr-no_33.jpg,notumor
..\data\Training\notumor\Tr-no_330.jpg,notumor
..\data\Training\notumor\Tr-no_331.jpg,notumor
..\data\Training\notumor\Tr-no_332.jpg,notumor
..\data\Training\notumor\Tr-no_333.jpg,notumor
..\data\Training\notumor\Tr-no_334.jpg,notumor
..\data\Training\notumor\Tr-no_335.jpg,notumor
..\data\Training\notumor\Tr-no_336.jpg,notumor
..\data\Training\notumor\Tr-no_337.jpg,notumor
..\data\Training\notumor\Tr-no_338.jpg,notumor
..\data\Training\notumor\Tr-no_339.jpg,notumor
..\data\Training\notumor\Tr-no_34.jpg,notumor
..\data\Training\notumor\Tr-no_340.jpg,notumor
..\data\Training\notumor\Tr-no_341.jpg,notumor
..\data\Training\notumor\Tr-no_342.jpg,notumor
..\data\Training\notumor\Tr-no_343.jpg,notumor
..\data\Training\notumor\Tr-no_344.jpg,notumor
..\data\Training\notumor\Tr-no_345.jpg,notumor
..\data\Training\notumor\Tr-no_346.jpg,notumor
..\data\Training\notumor\Tr-no_347.jpg,notumor
..\data\Training\notumor\Tr-no_348.jpg,notumor
..\data\Training\notumor\Tr-no_349.jpg,notumor
..\data\Training\notumor\Tr-no_35.jpg,notumor
..\data\Training\notumor\Tr-no_350.jpg,notumor
..\data\Training\notumor\Tr-no_351.jpg,notumor
..\data\Training\notumor\Tr-no_352.jpg,notumor
..\data\Training\notumor\Tr-no_353.jpg,notumor
..\data\Training\notumor\Tr-no_354.jpg,notumor
..\data\Training\notumor\Tr-no_355.jpg,notumor
..\data\Training\notumor\Tr-no_356.jpg,notumor
..\data\Training\notumor\Tr-no_357.jpg,notumor
..\data\Training\notumor\Tr-no_358.jpg,notumor
..\data\Training\notumor\Tr-no_359.jpg,notumor
..\data\Training\notumor\Tr-no_36.jpg,notumor
..\data\Training\notumor\Tr-no_360.jpg,notumor
..\data\Training\notumor\Tr-no_361.jpg,notumor
..\data\Training\notumor\Tr-no_362.jpg,notumor
..\data\Training\notumor\Tr-no_363.jpg,notumor
..\data\Training\notumor\Tr-no_364.jpg,notumor
..\data\Training\notumor\Tr-no_365.jpg,notumor
..\data\Training\notumor\Tr-no_366.jpg,notumor
..\data\Training\notumor\Tr-no_367.jpg,notumor
..\data\Training\notumor\Tr-no_368.jpg,notumor
..\data\Training\notumor\Tr-no_369.jpg,notumor
..\data\Training\notumor\Tr-no_37.jpg,notumor
..\data\Training\notumor\Tr-no_370.jpg,notumor
..\data\Training\notumor\Tr-no_371.jpg,notumor
..\data\Training\notumor\Tr-no_372.jpg,notumor
..\data\Training\notumor\Tr-no_373.jpg,notumor
..\data\Training\notumor\Tr-no_374.jpg,notumor
..\data\Training\notumor\Tr-no_375.jpg,notumor
..\data\Training\notumor\Tr-no_376.jpg,notumor
..\data\Training\notumor\Tr-no_377.jpg,notumor
..\data\Training\notumor\Tr-no_378.jpg,notumor
..\data\Training\notumor\Tr-no_379.jpg,notumor
..\data\Training\notumor\Tr-no_38.jpg,notumor
..\data\Training\notumor\Tr-no_380.jpg,notumor
..\data\Training\notumor\Tr-no_381.jpg,notumor
..\data\Training\notumor\Tr-no_382.jpg,notumor
..\data\Training\notumor\Tr-no_383.jpg,notumor
..\data\Training\notumor\Tr-no_384.jpg,notumor
..\data\Training\notumor\Tr-no_385.jpg,notumor
..\data\Training\notumor\Tr-no_386.jpg,notumor
..\data\Training\notumor\Tr-no_387.jpg,notumor
..\data\Training\notumor\Tr-no_388.jpg,notumor
..\data\Training\notumor\Tr-no_389.jpg,notumor
..\data\Training\notumor\Tr-no_39.jpg,notumor
..\data\Training\notumor\Tr-no_390.jpg,notumor
..\data\Training\notumor\Tr-no_391.jpg,notumor
..\data\Training\notumor\Tr-no_392.jpg,notumor
..\data\Training\notumor\Tr-no_393.jpg,notumor
..\data\Training\notumor\Tr-no_394.jpg,notumor
..\data\Training\notumor\Tr-no_395.jpg,notumor
..\data\Training\notumor\Tr-no_396.jpg,notumor
..\data\Training\notumor\Tr-no_397.jpg,notumor
..\data\Training\notumor\Tr-no_398.jpg,notumor
..\data\Training\notumor\Tr-no_399.jpg,notumor
..\data\Training\notumor\Tr-no_4.jpg,notumor
..\data\Training\notumor\Tr-no_40.jpg,notumor
..\data\Training\notumor\Tr-no_400.jpg,notumor
..\data\Training\notumor\Tr-no_401.jpg,notumor
..\data\Training\notumor\Tr-no_402.jpg,notumor
..\data\Training\notumor\Tr-no_403.jpg,notumor
..\data\Training\notumor\Tr-no_404.jpg,notumor
..\data\Training\notumor\Tr-no_405.jpg,notumor
..\data\Training\notumor\Tr-no_406.jpg,notumor
..\data\Training\notumor\Tr-no_407.jpg,notumor
..\data\Training\notumor\Tr-no_408.jpg,notumor
..\data\Training\notumor\Tr-no_409.jpg,notumor
..\data\Training\notumor\Tr-no_41.jpg,notumor
..\data\Training\notumor\Tr-no_410.jpg,notumor
..\data\Training\notumor\Tr-no_411.jpg,notumor
..\data\Training\notumor\Tr-no_412.jpg,notumor
..\data\Training\notumor\Tr-no_413.jpg,notumor
..\data\Training\notumor\Tr-no_414.jpg,notumor
..\data\Training\notumor\Tr-no_415.jpg,notumor
..\data\Training\notumor\Tr-no_416.jpg,notumor
..\data\Training\notumor\Tr-no_417.jpg,notumor
..\data\Training\notumor\Tr-no_418.jpg,notumor
..\data\Training\notumor\Tr-no_419.jpg,notumor
..\data\Training\notumor\Tr-no_42.jpg,notumor
..\data\Training\notumor\Tr-no_420.jpg,notumor
..\data\Training\notumor\Tr-no_421.jpg,notumor
..\data\Training\notumor\Tr-no_422.jpg,notumor
..\data\Training\notumor\Tr-no_423.jpg,notumor
..\data\Training\notumor\Tr-no_424.jpg,notumor
..\data\Training\notumor\Tr-no_425.jpg,notumor
..\data\Training\notumor\Tr-no_426.jpg,notumor
..\data\Training\notumor\Tr-no_427.jpg,notumor
..\data\Training\notumor\Tr-no_428.jpg,notumor
..\data\Training\notumor\Tr-no_429.jpg,notumor
..\data\Training\notumor\Tr-no_43.jpg,notumor
..\data\Training\notumor\Tr-no_430.jpg,notumor
..\data\Training\notumor\Tr-no_431.jpg,notumor
..\data\Training\notumor\Tr-no_432.jpg,notumor
..\data\Training\notumor\Tr-no_433.jpg,notumor
..\data\Training\notumor\Tr-no_434.jpg,notumor
..\data\Training\notumor\Tr-no_435.jpg,notumor
..\data\Training\notumor\Tr-no_436.jpg,notumor
..\data\Training\notumor\Tr-no_437.jpg,notumor
..\data\Training\notumor\Tr-no_438.jpg,notumor
..\data\Training\notumor\Tr-no_439.jpg,notumor
..\data\Training\notumor\Tr-no_44.jpg,notumor
..\data\Training\notumor\Tr-no_440.jpg,notumor
..\data\Training\notumor\Tr-no_441.jpg,notumor
..\data\Training\notumor\Tr-no_442.jpg,notumor
..\data\Training\notumor\Tr-no_443.jpg,notumor
..\data\Training\notumor\Tr-no_444.jpg,notumor
..\data\Training\notumor\Tr-no_445.jpg,notumor
..\data\Training\notumor\Tr-no_446.jpg,notumor
..\data\Training\notumor\Tr-no_447.jpg,notumor
..\data\Training\notumor\Tr-no_448.jpg,notumor
..\data\Training\notumor\Tr-no_449.jpg,notumor
..\data\Training\notumor\Tr-no_45.jpg,notumor
..\data\Training\notumor\Tr-no_450.jpg,notumor
..\data\Training\notumor\Tr-no_451.jpg,notumor
..\data\Training\notumor\Tr-no_452.jpg,notumor
..\data\Training\notumor\Tr-no_453.jpg,notumor
..\data\Training\notumor\Tr-no_454.jpg,notumor
..\data\Training\notumor\Tr-no_455.jpg,notumor
..\data\Training\notumor\Tr-no_456.jpg,notumor
..\data\Training\notumor\Tr-no_457.jpg,notumor
..\data\Training\notumor\Tr-no_458.jpg,notumor
..\data\Training\notumor\Tr-no_459.jpg,notumor
..\data\Training\notumor\Tr-no_46.jpg,notumor
..\data\Training\notumor\Tr-no_460.jpg,notumor
..\data\Training\notumor\Tr-no_461.jpg,notumor
..\data\Training\notumor\Tr-no_462.jpg,notumor
..\data\Training\notumor\Tr-no_463.jpg,notumor
..\data\Training\notumor\Tr-no_464.jpg,notumor
..\data\Training\notumor\Tr-no_465.jpg,notumor
..\data\Training\notumor\Tr-no_466.jpg,notumor
..\data\Training\notumor\Tr-no_467.jpg,notumor
..\data\Training\notumor\Tr-no_468.jpg,notumor
..\data\Training\notumor\Tr-no_469.jpg,notumor
..\data\Training\notumor\Tr-no_47.jpg,notumor
..\data\Training\notumor\Tr-no_470.jpg,notumor
..\data\Training\notumor\Tr-no_471.jpg,notumor
..\data\Training\notumor\Tr-no_472.jpg,notumor
..\data\Training\notumor\Tr-no_473.jpg,notumor
..\data\Training\notumor\Tr-no_474.jpg,notumor
..\data\Training\notumor\Tr-no_475.jpg,notumor
..\data\Training\notumor\Tr-no_476.jpg,notumor
..\data\Training\notumor\Tr-no_477.jpg,notumor
..\data\Training\notumor\Tr-no_478.jpg,notumor
..\data\Training\notumor\Tr-no_479.jpg,notumor
..\data\Training\notumor\Tr-no_48.jpg,notumor
..\data\Training\notumor\Tr-no_480.jpg,notumor
..\data\Training\notumor\Tr-no_481.jpg,notumor
..\data\Training\notumor\Tr-no_482.jpg,notumor
..\data\Training\notumor\Tr-no_483.jpg,notumor
..\data\Training\notumor\Tr-no_484.jpg,notumor
..\data\Training\notumor\Tr-no_485.jpg,notumor
..\data\Training\notumor\Tr-no_486.jpg,notumor
..\data\Training\notumor\Tr-no_487.jpg,notumor
..\data\Training\notumor\Tr-no_488.jpg,notumor
..\data\Training\notumor\Tr-no_489.jpg,notumor
..\data\Training\notumor\Tr-no_49.jpg,notumor
..\data\Training\notumor\Tr-no_490.jpg,notumor
..\data\Training\notumor\Tr-no_491.jpg,notumor
..\data\Training\notumor\Tr-no_492.jpg,notumor
..\data\Training\notumor\Tr-no_493.jpg,notumor
..\data\Training\notumor\Tr-no_494.jpg,notumor
..\data\Training\notumor\Tr-no_495.jpg,notumor
..\data\Training\notumor\Tr-no_496.jpg,notumor
..\data\Training\notumor\Tr-no_497.jpg,notumor
..\data\Training\notumor\Tr-no_498.jpg,notumor
..\data\Training\notumor\Tr-no_499.jpg,notumor
..\data\Training\notumor\Tr-no_5.jpg,notumor
..\data\Training\notumor\Tr-no_50.jpg,notumor
..\data\Training\notumor\Tr-no_500.jpg,notumor
..\data\Training\notumor\Tr-no_501.jpg,notumor
..\data\Training\notumor\Tr-no_502.jpg,notumor
..\data\Training\notumor\Tr-no_503.jpg,notumor
..\data\Training\notumor\Tr-no_504.jpg,notumor
..\data\Training\notumor\Tr-no_505.jpg,notumor
..\data\Training\notumor\Tr-no_506.jpg,notumor
..\data\Training\notumor\Tr-no_507.jpg,notumor
..\data\Training\notumor\Tr-no_508.jpg,notumor
..\data\Training\notumor\Tr-no_509.jpg,notumor
..\data\Training\notumor\Tr-no_51.jpg,notumor
..\data\Training\notumor\Tr-no_510.jpg,notumor
..\data\Training\notumor\Tr-no_511.jpg,notumor
..\data\Training\notumor\Tr-no_512.jpg,notumor
..\data\Training\notumor\Tr-no_513.jpg,notumor
..\data\Training\notumor\Tr-no_514.jpg,notumor
..\data\Training\notumor\Tr-no_515.jpg,notumor
..\data\Training\notumor\Tr-no_516.jpg,notumor
..\data\Training\notumor\Tr-no_517.jpg,notumor
..\data\Training\notumor\Tr-no_518.jpg,notumor
..\data\Training\notumor\Tr-no_519.jpg,notumor
..\data\Training\notumor\Tr-no_52.jpg,notumor
..\data\Training\notumor\Tr-no_520.jpg,notumor
..\data\Training\notumor\Tr-no_521.jpg,notumor
..\data\Training\notumor\Tr-no_522.jpg,notumor
..\data\Training\notumor\Tr-no_523.jpg,notumor
..\data\Training\notumor\Tr-no_524.jpg,notumor
..\data\Training\notumor\Tr-no_525.jpg,notumor
..\data\Training\notumor\Tr-no_526.jpg,notumor
..\data\Training\notumor\Tr-no_527.jpg,notumor
..\data\Training\notumor\Tr-no_528.jpg,notumor
..\data\Training\notumor\Tr-no_529.jpg,notumor
..\data\Training\notumor\Tr-no_53.jpg,notumor
..\data\Training\notumor\Tr-no_530.jpg,notumor
..\data\Training\notumor\Tr-no_531.jpg,notumor
..\data\Training\notumor\Tr-no_532.jpg,notumor
..\data\Training\notumor\Tr-no_533.jpg,notumor
..\data\Training\notumor\Tr-no_534.jpg,notumor
..\data\Training\notumor\Tr-no_535.jpg,notumor
..\data\Training\notumor\Tr-no_536.jpg,notumor
..\data\Training\notumor\Tr-no_537.jpg,notumor
..\data\Training\notumor\Tr-no_538.jpg,notumor
..\data\Training\notumor\Tr-no_539.jpg,notumor
..\data\Training\notumor\Tr-no_54.jpg,notumor
..\data\Training\notumor\Tr-no_540.jpg,notumor
..\data\Training\notumor\Tr-no_541.jpg,notumor
..\data\Training\notumor\Tr-no_542.jpg,notumor
..\data\Training\notumor\Tr-no_543.jpg,notumor
..\data\Training\notumor\Tr-no_544.jpg,notumor
..\data\Training\notumor\Tr-no_545.jpg,notumor
..\data\Training\notumor\Tr-no_546.jpg,notumor
..\data\Training\notumor\Tr-no_547.jpg,notumor
..\data\Training\notumor\Tr-no_548.jpg,notumor
..\data\Training\notumor\Tr-no_549.jpg,notumor
..\data\Training\notumor\Tr-no_55.jpg,notumor
..\data\Training\notumor\Tr-no_550.jpg,notumor
..\data\Training\notumor\Tr-no_551.jpg,notumor
..\data\Training\notumor\Tr-no_552.jpg,notumor
..\data\Training\notumor\Tr-no_553.jpg,notumor
..\data\Training\notumor\Tr-no_554.jpg,notumor
..\data\Training\notumor\Tr-no_555.jpg,notumor
..\data\Training\notumor\Tr-no_556.jpg,notumor
..\data\Training\notumor\Tr-no_557.jpg,notumor
..\data\Training\notumor\Tr-no_558.jpg,notumor
..\data\Training\notumor\Tr-no_559.jpg,notumor
..\data\Training\notumor\Tr-no_56.jpg,notumor
..\data\Training\notumor\Tr-no_560.jpg,notumor
..\data\Training\notumor\Tr-no_561.jpg,notumor
..\data\Training\notumor\Tr-no_562.jpg,notumor
..\data\Training\notumor\Tr-no_563.jpg,notumor
..\data\Training\notumor\Tr-no_564.jpg,notumor
..\data\Training\notumor\Tr-no_565.jpg,notumor
..\data\Training\notumor\Tr-no_566.jpg,notumor
..\data\Training\notumor\Tr-no_567.jpg,notumor
..\data\Training\notumor\Tr-no_568.jpg,notumor
..\data\Training\notumor\Tr-no_569.jpg,notumor
..\data\Training\notumor\Tr-no_57.jpg,notumor
..\data\Training\notumor\Tr-no_570.jpg,notumor
..\data\Training\notumor\Tr-no_571.jpg,notumor
..\data\Training\notumor\Tr-no_572.jpg,notumor
..\data\Training\notumor\Tr-no_573.jpg,notumor
..\data\Training\notumor\Tr-no_574.jpg,notumor
..\data\Training\notumor\Tr-no_575.jpg,notumor
..\data\Training\notumor\Tr-no_576.jpg,notumor
..\data\Training\notumor\Tr-no_577.jpg,notumor
..\data\Training\notumor\Tr-no_578.jpg,notumor
..\data\Training\notumor\Tr-no_579.jpg,notumor
..\data\Training\notumor\Tr-no_58.jpg,notumor
..\data\Training\notumor\Tr-no_580.jpg,notumor
..\data\Training\notumor\Tr-no_581.jpg,notumor
..\data\Training\notumor\Tr-no_582.jpg,notumor
..\data\Training\notumor\Tr-no_583.jpg,notumor
..\data\Training\notumor\Tr-no_584.jpg,notumor
..\data\Training\notumor\Tr-no_585.jpg,notumor
..\data\Training\notumor\Tr-no_586.jpg,notumor
..\data\Training\notumor\Tr-no_587.jpg,notumor
..\data\Training\notumor\Tr-no_588.jpg,notumor
..\data\Training\notumor\Tr-no_589.jpg,notumor
..\data\Training\notumor\Tr-no_59.jpg,notumor
..\data\Training\notumor\Tr-no_590.jpg,notumor
..\data\Training\notumor\Tr-no_591.jpg,notumor
..\data\Training\notumor\Tr-no_592.jpg,notumor
..\data\Training\notumor\Tr-no_593.jpg,notumor
..\data\Training\notumor\Tr-no_594.jpg,notumor
..\data\Training\notumor\Tr-no_595.jpg,notumor
..\data\Training\notumor\Tr-no_596.jpg,notumor
..\data\Training\notumor\Tr-no_597.jpg,notumor
..\data\Training\notumor\Tr-no_598.jpg,notumor
..\data\Training\notumor\Tr-no_599.jpg,notumor
..\data\Training\notumor\Tr-no_6.jpg,notumor
..\data\Training\notumor\Tr-no_60.jpg,notumor
..\data\Training\notumor\Tr-no_600.jpg,notumor
..\data\Training\notumor\Tr-no_601.jpg,notumor
..\data\Training\notumor\Tr-no_602.jpg,notumor
..\data\Training\notumor\Tr-no_603.jpg,notumor
..\data\Training\notumor\Tr-no_604.jpg,notumor
..\data\Training\notumor\Tr-no_605.jpg,notumor
..\data\Training\notumor\Tr-no_606.jpg,notumor
..\data\Training\notumor\Tr-no_607.jpg,notumor
..\data\Training\notumor\Tr-no_608.jpg,notumor
..\data\Training\notumor\Tr-no_609.jpg,notumor
..\data\Training\notumor\Tr-no_61.jpg,notumor
..\data\Training\notumor\Tr-no_610.jpg,notumor
..\data\Training\notumor\Tr-no_611.jpg,notumor
..\data\Training\notumor\Tr-no_612.jpg,notumor
..\data\Training\notumor\Tr-no_613.jpg,notumor
..\data\Training\notumor\Tr-no_614.jpg,notumor
..\data\Training\notumor\Tr-no_615.jpg,notumor
..\data\Training\notumor\Tr-no_616.jpg,notumor
..\data\Training\notumor\Tr-no_617.jpg,notumor
..\data\Training\notumor\Tr-no_618.jpg,notumor
..\data\Training\notumor\Tr-no_619.jpg,notumor
..\data\Training\notumor\Tr-no_62.jpg,notumor
..\data\Training\notumor\Tr-no_620.jpg,notumor
..\data\Training\notumor\Tr-no_621.jpg,notumor
..\data\Training\notumor\Tr-no_622.jpg,notumor
..\data\Training\notumor\Tr-no_623.jpg,notumor
..\data\Training\notumor\Tr-no_624.jpg,notumor
..\data\Training\notumor\Tr-no_625.jpg,notumor
..\data\Training\notumor\Tr-no_626.jpg,notumor
..\data\Training\notumor\Tr-no_627.jpg,notumor
..\data\Training\notumor\Tr-no_628.jpg,notumor
..\data\Training\notumor\Tr-no_629.jpg,notumor
..\data\Training\notumor\Tr-no_63.jpg,notumor
..\data\Training\notumor\Tr-no_630.jpg,notumor
..\data\Training\notumor\Tr-no_631.jpg,notumor
..\data\Training\notumor\Tr-no_632.jpg,notumor
..\data\Training\notumor\Tr-no_633.jpg,notumor
..\data\Training\notumor\Tr-no_634.jpg,notumor
..\data\Training\notumor\Tr-no_635.jpg,notumor
..\data\Training\notumor\Tr-no_636.jpg,notumor
..\data\Training\notumor\Tr-no_637.jpg,notumor
..\data\Training\notumor\Tr-no_638.jpg,notumor
..\data\Training\notumor\Tr-no_639.jpg,notumor
..\data\Training\notumor\Tr-no_64.jpg,notumor
..\data\Training\notumor\Tr-no_640.jpg,notumor
..\data\Training\notumor\Tr-no_641.jpg,notumor
..\data\Training\notumor\Tr-no_642.jpg,notumor
..\data\Training\notumor\Tr-no_643.jpg,notumor
..\data\Training\notumor\Tr-no_644.jpg,notumor
..\data\Training\notumor\Tr-no_645.jpg,notumor
..\data\Training\notumor\Tr-no_646.jpg,notumor
..\data\Training\notumor\Tr-no_647.jpg,notumor
..\data\Training\notumor\Tr-no_648.jpg,notumor
..\data\Training\notumor\Tr-no_649.jpg,notumor
..\data\Training\notumor\Tr-no_65.jpg,notumor
..\data\Training\notumor\Tr-no_650.jpg,notumor
..\data\Training\notumor\Tr-no_651.jpg,notumor
..\data\Training\notumor\Tr-no_652.jpg,notumor
..\data\Training\notumor\Tr-no_653.jpg,notumor
..\data\Training\notumor\Tr-no_654.jpg,notumor
..\data\Training\notumor\Tr-no_655.jpg,notumor
..\data\Training\notumor\Tr-no_656.jpg,notumor
..\data\Training\notumor\Tr-no_657.jpg,notumor
..\data\Training\notumor\Tr-no_658.jpg,notumor
..\data\Training\notumor\Tr-no_659.jpg,notumor
..\data\Training\notumor\Tr-no_66.jpg,notumor
..\data\Training\notumor\Tr-no_660.jpg,notumor
..\data\Training\notumor\Tr-no_661.jpg,notumor
..\data\Training\notumor\Tr-no_662.jpg,notumor
..\data\Training\notumor\Tr-no_663.jpg,notumor
..\data\Training\notumor\Tr-no_664.jpg,notumor
..\data\Training\notumor\Tr-no_665.jpg,notumor
..\data\Training\notumor\Tr-no_666.jpg,notumor
..\data\Training\notumor\Tr-no_667.jpg,notumor
..\data\Training\notumor\Tr-no_668.jpg,notumor
..\data\Training\notumor\Tr-no_669.jpg,notumor
..\data\Training\notumor\Tr-no_67.jpg,notumor
..\data\Training\notumor\Tr-no_670.jpg,notumor
..\data\Training\notumor\Tr-no_671.jpg,notumor
..\data\Training\notumor\Tr-no_672.jpg,notumor
..\data\Training\notumor\Tr-no_673.jpg,notumor
..\data\Training\notumor\Tr-no_674.jpg,notumor
..\data\Training\notumor\Tr-no_675.jpg,notumor
..\data\Training\notumor\Tr-no_676.jpg,notumor
..\data\Training\notumor\Tr-no_677.jpg,notumor
..\data\Training\notumor\Tr-no_678.jpg,notumor
..\data\Training\notumor\Tr-no_679.jpg,notumor
..\data\Training\notumor\Tr-no_68.jpg,notumor
..\data\Training\notumor\Tr-no_680.jpg,notumor
..\data\Training\notumor\Tr-no_681.jpg,notumor
..\data\Training\notumor\Tr-no_682.jpg,notumor
..\data\Training\notumor\Tr-no_683.jpg,notumor
..\data\Training\notumor\Tr-no_684.jpg,notumor
..\data\Training\notumor\Tr-no_685.jpg,notumor
..\data\Training\notumor\Tr-no_686.jpg,notumor
..\data\Training\notumor\Tr-no_687.jpg,notumor
..\data\Training\notumor\Tr-no_688.jpg,notumor
..\data\Training\notumor\Tr-no_689.jpg,notumor
..\data\Training\notumor\Tr-no_69.jpg,notumor
..\data\Training\notumor\Tr-no_690.jpg,notumor
..\data\Training\notumor\Tr-no_691.jpg,notumor
..\data\Training\notumor\Tr-no_692.jpg,notumor
..\data\Training\notumor\Tr-no_693.jpg,notumor
..\data\Training\notumor\Tr-no_694.jpg,notumor
..\data\Training\notumor\Tr-no_695.jpg,notumor
..\data\Training\notumor\Tr-no_696.jpg,notumor
..\data\Training\notumor\Tr-no_697.jpg,notumor
..\data\Training\notumor\Tr-no_698.jpg,notumor
..\data\Training\notumor\Tr-no_699.jpg,notumor
..\data\Training\notumor\Tr-no_7.jpg,notumor
..\data\Training\notumor\Tr-no_70.jpg,notumor
..\data\Training\notumor\Tr-no_700.jpg,notumor
..\data\Training\notumor\Tr-no_701.jpg,notumor
..\data\Training\notumor\Tr-no_702.jpg,notumor
..\data\Training\notumor\Tr-no_703.jpg,notumor
..\data\Training\notumor\Tr-no_704.jpg,notumor
..\data\Training\notumor\Tr-no_705.jpg,notumor
..\data\Training\notumor\Tr-no_706.jpg,notumor
..\data\Training\notumor\Tr-no_707.jpg,notumor
..\data\Training\notumor\Tr-no_708.jpg,notumor
..\data\Training\notumor\Tr-no_709.jpg,notumor
..\data\Training\notumor\Tr-no_71.jpg,notumor
..\data\Training\notumor\Tr-no_710.jpg,notumor
..\data\Training\notumor\Tr-no_711.jpg,notumor
..\data\Training\notumor\Tr-no_712.jpg,notumor
..\data\Training\notumor\Tr-no_713.jpg,notumor
..\data\Training\notumor\Tr-no_714.jpg,notumor
..\data\Training\notumor\Tr-no_715.jpg,notumor
..\data\Training\notumor\Tr-no_716.jpg,notumor
..\data\Training\notumor\Tr-no_717.jpg,notumor
..\data\Training\notumor\Tr-no_718.jpg,notumor
..\data\Training\notumor\Tr-no_719.jpg,notumor
..\data\Training\notumor\Tr-no_72.jpg,notumor
..\data\Training\notumor\Tr-no_720.jpg,notumor
..\data\Training\notumor\Tr-no_721.jpg,notumor
..\data\Training\notumor\Tr-no_722.jpg,notumor
..\data\Training\notumor\Tr-no_723.jpg,notumor
..\data\Training\notumor\Tr-no_724.jpg,notumor
..\data\Training\notumor\Tr-no_725.jpg,notumor
..\data\Training\notumor\Tr-no_726.jpg,notumor
..\data\Training\notumor\Tr-no_727.jpg,notumor
..\data\Training\notumor\Tr-no_728.jpg,notumor
..\data\Training\notumor\Tr-no_729.jpg,notumor
..\data\Training\notumor\Tr-no_73.jpg,notumor
..\data\Training\notumor\Tr-no_730.jpg,notumor
..\data\Training\notumor\Tr-no_731.jpg,notumor
..\data\Training\notumor\Tr-no_732.jpg,notumor
..\data\Training\notumor\Tr-no_733.jpg,notumor
..\data\Training\notumor\Tr-no_734.jpg,notumor
..\data\Training\notumor\Tr-no_735.jpg,notumor
..\data\Training\notumor\Tr-no_736.jpg,notumor
..\data\Training\notumor\Tr-no_737.jpg,notumor
..\data\Training\notumor\Tr-no_738.jpg,notumor
..\data\Training\notumor\Tr-no_739.jpg,notumor
..\data\Training\notumor\Tr-no_74.jpg,notumor
..\data\Training\notumor\Tr-no_740.jpg,notumor
..\data\Training\notumor\Tr-no_741.jpg,notumor
..\data\Training\notumor\Tr-no_742.jpg,notumor
..\data\Training\notumor\Tr-no_743.jpg,notumor
..\data\Training\notumor\Tr-no_744.jpg,notumor
..\data\Training\notumor\Tr-no_745.jpg,notumor
..\data\Training\notumor\Tr-no_746.jpg,notumor
..\data\Training\notumor\Tr-no_747.jpg,notumor
..\data\Training\notumor\Tr-no_748.jpg,notumor
..\data\Training\notumor\Tr-no_749.jpg,notumor
..\data\Training\notumor\Tr-no_75.jpg,notumor
..\data\Training\notumor\Tr-no_750.jpg,notumor
..\data\Training\notumor\Tr-no_751.jpg,notumor
..\data\Training\notumor\Tr-no_752.jpg,notumor
..\data\Training\notumor\Tr-no_753.jpg,notumor
..\data\Training\notumor\Tr-no_754.jpg,notumor
..\data\Training\notumor\Tr-no_755.jpg,notumor
..\data\Training\notumor\Tr-no_756.jpg,notumor
..\data\Training\notumor\Tr-no_757.jpg,notumor
..\data\Training\notumor\Tr-no_758.jpg,notumor
..\data\Training\notumor\Tr-no_759.jpg,notumor
..\data\Training\notumor\Tr-no_76.jpg,notumor
..\data\Training\notumor\Tr-no_760.jpg,notumor
..\data\Training\notumor\Tr-no_761.jpg,notumor
..\data\Training\notumor\Tr-no_762.jpg,notumor
..\data\Training\notumor\Tr-no_763.jpg,notumor
..\data\Training\notumor\Tr-no_764.jpg,notumor
..\data\Training\notumor\Tr-no_765.jpg,notumor
..\data\Training\notumor\Tr-no_766.jpg,notumor
..\data\Training\notumor\Tr-no_767.jpg,notumor
..\data\Training\notumor\Tr-no_768.jpg,notumor
..\data\Training\notumor\Tr-no_769.jpg,notumor
..\data\Training\notumor\Tr-no_77.jpg,notumor
..\data\Training\notumor\Tr-no_770.jpg,notumor
..\data\Training\notumor\Tr-no_771.jpg,notumor
..\data\Training\notumor\Tr-no_772.jpg,notumor
..\data\Training\notumor\Tr-no_773.jpg,notumor
..\data\Training\notumor\Tr-no_774.jpg,notumor
..\data\Training\notumor\Tr-no_775.jpg,notumor
..\data\Training\notumor\Tr-no_776.jpg,notumor
..\data\Training\notumor\Tr-no_777.jpg,notumor
..\data\Training\notumor\Tr-no_778.jpg,notumor
..\data\Training\notumor\Tr-no_779.jpg,notumor
..\data\Training\notumor\Tr-no_78.jpg,notumor
..\data\Training\notumor\Tr-no_780.jpg,notumor
..\data\Training\notumor\Tr-no_781.jpg,notumor
..\data\Training\notumor\Tr-no_782.jpg,notumor
..\data\Training\notumor\Tr-no_783.jpg,notumor
..\data\Training\notumor\Tr-no_784.jpg,notumor
..\data\Training\notumor\Tr-no_785.jpg,notumor
..\data\Training\notumor\Tr-no_786.jpg,notumor
..\data\Training\notumor\Tr-no_787.jpg,notumor
..\data\Training\notumor\Tr-no_788.jpg,notumor
..\data\Training\notumor\Tr-no_789.jpg,notumor
..\data\Training\notumor\Tr-no_79.jpg,notumor
..\data\Training\notumor\Tr-no_790.jpg,notumor
..\data\Training\notumor\Tr-no_791.jpg,notumor
..\data\Training\notumor\Tr-no_792.jpg,notumor
..\data\Training\notumor\Tr-no_793.jpg,notumor
..\data\Training\notumor\Tr-no_794.jpg,notumor
..\data\Training\notumor\Tr-no_795.jpg,notumor
..\data\Training\notumor\Tr-no_796.jpg,notumor
..\data\Training\notumor\Tr-no_797.jpg,notumor
..\data\Training\notumor\Tr-no_798.jpg,notumor
..\data\Training\notumor\Tr-no_799.jpg,notumor
..\data\Training\notumor\Tr-no_8.jpg,notumor
..\data\Training\notumor\Tr-no_80.jpg,notumor
..\data\Training\notumor\Tr-no_800.jpg,notumor
..\data\Training\notumor\Tr-no_801.jpg,notumor
..\data\Training\notumor\Tr-no_802.jpg,notumor
..\data\Training\notumor\Tr-no_803.jpg,notumor
..\data\Training\notumor\Tr-no_804.jpg,notumor
..\data\Training\notumor\Tr-no_805.jpg,notumor
..\data\Training\notumor\Tr-no_806.jpg,notumor
..\data\Training\notumor\Tr-no_807.jpg,notumor
..\data\Training\notumor\Tr-no_808.jpg,notumor
..\data\Training\notumor\Tr-no_809.jpg,notumor
..\data\Training\notumor\Tr-no_81.jpg,notumor
..\data\Training\notumor\Tr-no_810.jpg,notumor
..\data\Training\notumor\Tr-no_811.jpg,notumor
..\data\Training\notumor\Tr-no_812.jpg,notumor
..\data\Training\notumor\Tr-no_813.jpg,notumor
..\data\Training\notumor\Tr-no_814.jpg,notumor
..\data\Training\notumor\Tr-no_815.jpg,notumor
..\data\Training\notumor\Tr-no_816.jpg,notumor
..\data\Training\notumor\Tr-no_817.jpg,notumor
..\data\Training\notumor\Tr-no_818.jpg,notumor
..\data\Training\notumor\Tr-no_819.jpg,notumor
..\data\Training\notumor\Tr-no_82.jpg,notumor
..\data\Training\notumor\Tr-no_820.jpg,notumor
..\data\Training\notumor\Tr-no_821.jpg,notumor
..\data\Training\notumor\Tr-no_822.jpg,notumor
..\data\Training\notumor\Tr-no_823.jpg,notumor
..\data\Training\notumor\Tr-no_824.jpg,notumor
..\data\Training\notumor\Tr-no_825.jpg,notumor
..\data\Training\notumor\Tr-no_826.jpg,notumor
..\data\Training\notumor\Tr-no_827.jpg,notumor
..\data\Training\notumor\Tr-no_828.jpg,notumor
..\data\Training\notumor\Tr-no_829.jpg,notumor
..\data\Training\notumor\Tr-no_83.jpg,notumor
..\data\Training\notumor\Tr-no_830.jpg,notumor
..\data\Training\notumor\Tr-no_831.jpg,notumor
..\data\Training\notumor\Tr-no_832.jpg,notumor
..\data\Training\notumor\Tr-no_833.jpg,notumor
..\data\Training\notumor\Tr-no_834.jpg,notumor
..\data\Training\notumor\Tr-no_835.jpg,notumor
..\data\Training\notumor\Tr-no_836.jpg,notumor
..\data\Training\notumor\Tr-no_837.jpg,notumor
..\data\Training\notumor\Tr-no_838.jpg,notumor
..\data\Training\notumor\Tr-no_839.jpg,notumor
..\data\Training\notumor\Tr-no_84.jpg,notumor
..\data\Training\notumor\Tr-no_840.jpg,notumor
..\data\Training\notumor\Tr-no_841.jpg,notumor
..\data\Training\notumor\Tr-no_842.jpg,notumor
..\data\Training\notumor\Tr-no_843.jpg,notumor
..\data\Training\notumor\Tr-no_844.jpg,notumor
..\data\Training\notumor\Tr-no_845.jpg,notumor
..\data\Training\notumor\Tr-no_846.jpg,notumor
..\data\Training\notumor\Tr-no_847.jpg,notumor
..\data\Training\notumor\Tr-no_848.jpg,notumor
..\data\Training\notumor\Tr-no_849.jpg,notumor
..\data\Training\notumor\Tr-no_85.jpg,notumor
..\data\Training\notumor\Tr-no_850.jpg,notumor
..\data\Training\notumor\Tr-no_851.jpg,notumor
..\data\Training\notumor\Tr-no_852.jpg,notumor
..\data\Training\notumor\Tr-no_853.jpg,notumor
..\data\Training\notumor\Tr-no_854.jpg,notumor
..\data\Training\notumor\Tr-no_855.jpg,notumor
..\data\Training\notumor\Tr-no_856.jpg,notumor
..\data\Training\notumor\Tr-no_857.jpg,notumor
..\data\Training\notumor\Tr-no_858.jpg,notumor
..\data\Training\notumor\Tr-no_859.jpg,notumor
..\data\Training\notumor\Tr-no_86.jpg,notumor
..\data\Training\notumor\Tr-no_860.jpg,notumor
..\data\Training\notumor\Tr-no_861.jpg,notumor
..\data\Training\notumor\Tr-no_862.jpg,notumor
..\data\Training\notumor\Tr-no_863.jpg,notumor
..\data\Training\notumor\Tr-no_864.jpg,notumor
..\data\Training\notumor\Tr-no_865.jpg,notumor
..\data\Training\notumor\Tr-no_866.jpg,notumor
..\data\Training\notumor\Tr-no_867.jpg,notumor
..\data\Training\notumor\Tr-no_868.jpg,notumor
..\data\Training\notumor\Tr-no_869.jpg,notumor
..\data\Training\notumor\Tr-no_87.jpg,notumor
..\data\Training\notumor\Tr-no_870.jpg,notumor
..\data\Training\notumor\Tr-no_871.jpg,notumor
..\data\Training\notumor\Tr-no_872.jpg,notumor
..\data\Training\notumor\Tr-no_873.jpg,notumor
..\data\Training\notumor\Tr-no_874.jpg,notumor
..\data\Training\notumor\Tr-no_875.jpg,notumor
..\data\Training\notumor\Tr-no_876.jpg,notumor
..\data\Training\notumor\Tr-no_877.jpg,notumor
..\data\Training\notumor\Tr-no_878.jpg,notumor
..\data\Training\notumor\Tr-no_879.jpg,notumor
..\data\Training\notumor\Tr-no_88.jpg,notumor
..\data\Training\notumor\Tr-no_880.jpg,notumor
..\data\Training\notumor\Tr-no_881.jpg,notumor
..\data\Training\notumor\Tr-no_882.jpg,notumor
..\data\Training\notumor\Tr-no_883.jpg,notumor
..\data\Training\notumor\Tr-no_884.jpg,notumor
..\data\Training\notumor\Tr-no_885.jpg,notumor
..\data\Training\notumor\Tr-no_886.jpg,notumor
..\data\Training\notumor\Tr-no_887.jpg,notumor
..\data\Training\notumor\Tr-no_888.jpg,notumor
..\data\Training\notumor\Tr-no_889.jpg,notumor
..\data\Training\notumor\Tr-no_89.jpg,notumor
..\data\Training\notumor\Tr-no_890.jpg,notumor
..\data\Training\notumor\Tr-no_891.jpg,notumor
..\data\Training\notumor\Tr-no_892.jpg,notumor
..\data\Training\notumor\Tr-no_893.jpg,notumor
..\data\Training\notumor\Tr-no_894.jpg,notumor
..\data\Training\notumor\Tr-no_895.jpg,notumor
..\data\Training\notumor\Tr-no_896.jpg,notumor
..\data\Training\notumor\Tr-no_897.jpg,notumor
..\data\Training\notumor\Tr-no_898.jpg,notumor
..\data\Training\notumor\Tr-no_899.jpg,notumor
..\data\Training\notumor\Tr-no_9.jpg,notumor
..\data\Training\notumor\Tr-no_90.jpg,notumor
..\data\Training\notumor\Tr-no_900.jpg,notumor
..\data\Training\notumor\Tr-no_901.jpg,notumor
..\data\Training\notumor\Tr-no_902.jpg,notumor
..\data\Training\notumor\Tr-no_903.jpg,notumor
..\data\Training\notumor\Tr-no_904.jpg,notumor
..\data\Training\notumor\Tr-no_905.jpg,notumor
..\data\Training\notumor\Tr-no_906.jpg,notumor
..\data\Training\notumor\Tr-no_907.jpg,notumor
..\data\Training\notumor\Tr-no_908.jpg,notumor
..\data\Training\notumor\Tr-no_909.jpg,notumor
..\data\Training\notumor\Tr-no_91.jpg,notumor
..\data\Training\notumor\Tr-no_910.jpg,notumor
..\data\Training\notumor\Tr-no_911.jpg,notumor
..\data\Training\notumor\Tr-no_912.jpg,notumor
..\data\Training\notumor\Tr-no_913.jpg,notumor
..\data\Training\notumor\Tr-no_914.jpg,notumor
..\data\Training\notumor\Tr-no_915.jpg,notumor
..\data\Training\notumor\Tr-no_916.jpg,notumor
..\data\Training\notumor\Tr-no_917.jpg,notumor
..\data\Training\notumor\Tr-no_918.jpg,notumor
..\data\Training\notumor\Tr-no_919.jpg,notumor
..\data\Training\notumor\Tr-no_92.jpg,notumor
..\data\Training\notumor\Tr-no_920.jpg,notumor
..\data\Training\notumor\Tr-no_921.jpg,notumor
..\data\Training\notumor\Tr-no_922.jpg,notumor
..\data\Training\notumor\Tr-no_923.jpg,notumor
..\data\Training\notumor\Tr-no_924.jpg,notumor
..\data\Training\notumor\Tr-no_925.jpg,notumor
..\data\Training\notumor\Tr-no_926.jpg,notumor
..\data\Training\notumor\Tr-no_927.jpg,notumor
..\data\Training\notumor\Tr-no_928.jpg,notumor
..\data\Training\notumor\Tr-no_929.jpg,notumor
..\data\Training\notumor\Tr-no_93.jpg,notumor
..\data\Training\notumor\Tr-no_930.jpg,notumor
..\data\Training\notumor\Tr-no_931.jpg,notumor
..\data\Training\notumor\Tr-no_932.jpg,notumor
..\data\Training\notumor\Tr-no_933.jpg,notumor
..\data\Training\notumor\Tr-no_934.jpg,notumor
..\data\Training\notumor\Tr-no_935.jpg,notumor
..\data\Training\notumor\Tr-no_936.jpg,notumor
..\data\Training\notumor\Tr-no_937.jpg,notumor
..\data\Training\notumor\Tr-no_938.jpg,notumor
..\data\Training\notumor\Tr-no_939.jpg,notumor
..\data\Training\notumor\Tr-no_94.jpg,notumor
..\data\Training\notumor\Tr-no_940.jpg,notumor
..\data\Training\notumor\Tr-no_941.jpg,notumor
..\data\Training\notumor\Tr-no_942.jpg,notumor
..\data\Training\notumor\Tr-no_943.jpg,notumor
..\data\Training\notumor\Tr-no_944.jpg,notumor
..\data\Training\notumor\Tr-no_945.jpg,notumor
..\data\Training\notumor\Tr-no_946.jpg,notumor
..\data\Training\notumor\Tr-no_947.jpg,notumor
..\data\Training\notumor\Tr-no_948.jpg,notumor
..\data\Training\notumor\Tr-no_949.jpg,notumor
..\data\Training\notumor\Tr-no_95.jpg,notumor
..\data\Training\notumor\Tr-no_950.jpg,notumor
..\data\Training\notumor\Tr-no_951.jpg,notumor
..\data\Training\notumor\Tr-no_952.jpg,notumor
..\data\Training\notumor\Tr-no_953.jpg,notumor
..\data\Training\notumor\Tr-no_954.jpg,notumor
..\data\Training\notumor\Tr-no_955.jpg,notumor
..\data\Training\notumor\Tr-no_956.jpg,notumor
..\data\Training\notumor\Tr-no_957.jpg,notumor
..\data\Training\notumor\Tr-no_958.jpg,notumor
..\data\Training\notumor\Tr-no_959.jpg,notumor
..\data\Training\notumor\Tr-no_96.jpg,notumor
..\data\Training\notumor\Tr-no_960.jpg,notumor
..\data\Training\notumor\Tr-no_961.jpg,notumor
..\data\Training\notumor\Tr-no_962.jpg,notumor
..\data\Training\notumor\Tr-no_963.jpg,notumor
..\data\Training\notumor\Tr-no_964.jpg,notumor
..\data\Training\notumor\Tr-no_965.jpg,notumor
..\data\Training\notumor\Tr-no_966.jpg,notumor
..\data\Training\notumor\Tr-no_967.jpg,notumor
..\data\Training\notumor\Tr-no_968.jpg,notumor
..\data\Training\notumor\Tr-no_969.jpg,notumor
..\data\Training\notumor\Tr-no_97.jpg,notumor
..\data\Training\notumor\Tr-no_970.jpg,notumor
..\data\Training\notumor\Tr-no_971.jpg,notumor
..\data\Training\notumor\Tr-no_972.jpg,notumor
..\data\Training\notumor\Tr-no_973.jpg,notumor
..\data\Training\notumor\Tr-no_974.jpg,notumor
..\data\Training\notumor\Tr-no_975.jpg,notumor
..\data\Training\notumor\Tr-no_976.jpg,notumor
..\data\Training\notumor\Tr-no_977.jpg,notumor
..\data\Training\notumor\Tr-no_978.jpg,notumor
..\data\Training\notumor\Tr-no_979.jpg,notumor
..\data\Training\notumor\Tr-no_98.jpg,notumor
..\data\Training\notumor\Tr-no_980.jpg,notumor
..\data\Training\notumor\Tr-no_981.jpg,notumor
..\data\Training\notumor\Tr-no_982.jpg,notumor
..\data\Training\notumor\Tr-no_983.jpg,notumor
..\data\Training\notumor\Tr-no_984.jpg,notumor
..\data\Training\notumor\Tr-no_985.jpg,notumor
..\data\Training\notumor\Tr-no_986.jpg,notumor
..\data\Training\notumor\Tr-no_987.jpg,notumor
..\data\Training\notumor\Tr-no_988.jpg,notumor
..\data\Training\notumor\Tr-no_989.jpg,notumor
..\data\Training\notumor\Tr-no_99.jpg,notumor
..\data\Training\notumor\Tr-no_990.jpg,notumor
..\data\Training\notumor\Tr-no_991.jpg,notumor
..\data\Training\notumor\Tr-no_992.jpg,notumor
..\data\Training\notumor\Tr-no_993.jpg,notumor
..\data\Training\notumor\Tr-no_994.jpg,notumor
..\data\Training\notumor\Tr-no_995.jpg,notumor
..\data\Training\notumor\Tr-no_996.jpg,notumor
..\data\Training\notumor\Tr-no_997.jpg,notumor
..\data\Training\notumor\Tr-no_998.jpg,notumor
..\data\Training\notumor\Tr-no_999.jpg,notumor
..\data\Training\pituitary\Tr-pi_1.jpg,pituitary
..\data\Training\pituitary\Tr-pi_10.jpg,pituitary
..\data\Training\pituitary\Tr-pi_100.jpg,pituitary
..\data\Training\pituitary\Tr-pi_1000.jpg,pituitary
..\data\Training\pituitary\Tr-pi_1001.jpg,pituitary
..\data\Training\pituitary\Tr-pi_1002.jpg,pituitary
..\data\Training\pituitary\Tr-pi_1003.jpg,pituitary
..\data\Training\pituitary\Tr-pi_1004.jpg,pituitary
..\data\Training\pituitary\Tr-pi_1005.jpg,pituitary
..\data\Training\pituitary\Tr-pi_1006.jpg,pituitary
..\data\Training\pituitary\Tr-pi_1007.jpg,pituitary
..\data\Training\pituitary\Tr-pi_1008.jpg,pituitary
..\data\Training\pituitary\Tr-pi_1009.jpg,pituitary
..\data\Training\pituitary\Tr-pi_101.jpg,pituitary
..\data\Training\pituitary\Tr-pi_1010.jpg,pituitary
..\data\Training\pituitary\Tr-pi_1011.jpg,pituitary
..\data\Training\pituitary\Tr-pi_1012.jpg,pituitary
..\data\Training\pituitary\Tr-pi_1013.jpg,pituitary
..\data\Training\pituitary\Tr-pi_1014.jpg,pituitary
..\data\Training\pituitary\Tr-pi_1015.jpg,pituitary
..\data\Training\pituitary\Tr-pi_1016.jpg,pituitary
..\data\Training\pituitary\Tr-pi_1017.jpg,pituitary
..\data\Training\pituitary\Tr-pi_1018.jpg,pituitary
..\data\Training\pituitary\Tr-pi_1019.jpg,pituitary
..\data\Training\pituitary\Tr-pi_102.jpg,pituitary
..\data\Training\pituitary\Tr-pi_1020.jpg,pituitary
..\data\Training\pituitary\Tr-pi_1021.jpg,pituitary
..\data\Training\pituitary\Tr-pi_1022.jpg,pituitary
..\data\Training\pituitary\Tr-pi_1023.jpg,pituitary
..\data\Training\pituitary\Tr-pi_1024.jpg,pituitary
..\data\Training\pituitary\Tr-pi_1025.jpg,pituitary
..\data\Training\pituitary\Tr-pi_1026.jpg,pituitary
..\data\Training\pituitary\Tr-pi_1027.jpg,pituitary
..\data\Training\pituitary\Tr-pi_1028.jpg,pituitary
..\data\Training\pituitary\Tr-pi_1029.jpg,pituitary
..\data\Training\pituitary\Tr-pi_103.jpg,pituitary
..\data\Training\pituitary\Tr-pi_1030.jpg,pituitary
..\data\Training\pituitary\Tr-pi_1031.jpg,pituitary
..\data\Training\pituitary\Tr-pi_1032.jpg,pituitary
..\data\Training\pituitary\Tr-pi_1033.jpg,pituitary
..\data\Training\pituitary\Tr-pi_1034.jpg,pituitary
..\data\Training\pituitary\Tr-pi_1035.jpg,pituitary
..\data\Training\pituitary\Tr-pi_1036.jpg,pituitary
..\data\Training\pituitary\Tr-pi_1037.jpg,pituitary
..\data\Training\pituitary\Tr-pi_1038.jpg,pituitary
..\data\Training\pituitary\Tr-pi_1039.jpg,pituitary
..\data\Training\pituitary\Tr-pi_104.jpg,pituitary
..\data\Training\pituitary\Tr-pi_1040.jpg,pituitary
..\data\Training\pituitary\Tr-pi_1041.jpg,pituitary
..\data\Training\pituitary\Tr-pi_1042.jpg,pituitary
..\data\Training\pituitary\Tr-pi_1043.jpg,pituitary
..\data\Training\pituitary\Tr-pi_1044.jpg,pituitary
..\data\Training\pituitary\Tr-pi_1045.jpg,pituitary
..\data\Training\pituitary\Tr-pi_1046.jpg,pituitary
..\data\Training\pituitary\Tr-pi_1047.jpg,pituitary
..\data\Training\pituitary\Tr-pi_1048.jpg,pituitary
..\data\Training\pituitary\Tr-pi_1049.jpg,pituitary
..\data\Training\pituitary\Tr-pi_105.jpg,pituitary
..\data\Training\pituitary\Tr-pi_1050.jpg,pituitary
..\data\Training\pituitary\Tr-pi_1051.jpg,pituitary
..\data\Training\pituitary\Tr-pi_1052.jpg,pituitary
..\data\Training\pituitary\Tr-pi_1053.jpg,pituitary
..\data\Training\pituitary\Tr-pi_1054.jpg,pituitary
..\data\Training\pituitary\Tr-pi_1055.jpg,pituitary
..\data\Training\pituitary\Tr-pi_1056.jpg,pituitary
..\data\Training\pituitary\Tr-pi_1057.jpg,pituitary
..\data\Training\pituitary\Tr-pi_1058.jpg,pituitary
..\data\Training\pituitary\Tr-pi_1059.jpg,pituitary
..\data\Training\pituitary\Tr-pi_106.jpg,pituitary
..\data\Training\pituitary\Tr-pi_1060.jpg,pituitary
..\data\Training\pituitary\Tr-pi_1061.jpg,pituitary
..\data\Training\pituitary\Tr-pi_1062.jpg,pituitary
..\data\Training\pituitary\Tr-pi_1063.jpg,pituitary
..\data\Training\pituitary\Tr-pi_1064.jpg,pituitary
..\data\Training\pituitary\Tr-pi_1065.jpg,pituitary
..\data\Training\pituitary\Tr-pi_1066.jpg,pituitary
..\data\Training\pituitary\Tr-pi_1067.jpg,pituitary
..\data\Training\pituitary\Tr-pi_1068.jpg,pituitary
..\data\Training\pituitary\Tr-pi_1069.jpg,pituitary
..\data\Training\pituitary\Tr-pi_107.jpg,pituitary
..\data\Training\pituitary\Tr-pi_1070.jpg,pituitary
..\data\Training\pituitary\Tr-pi_1071.jpg,pituitary
..\data\Training\pituitary\Tr-pi_1072.jpg,pituitary
..\data\Training\pituitary\Tr-pi_1073.jpg,pituitary
..\data\Training\pituitary\Tr-pi_1074.jpg,pituitary
..\data\Training\pituitary\Tr-pi_1075.jpg,pituitary
..\data\Training\pituitary\Tr-pi_1076.jpg,pituitary
..\data\Training\pituitary\Tr-pi_1077.jpg,pituitary
..\data\Training\pituitary\Tr-pi_1078.jpg,pituitary
..\data\Training\pituitary\Tr-pi_1079.jpg,pituitary
..\data\Training\pituitary\Tr-pi_108.jpg,pituitary
..\data\Training\pituitary\Tr-pi_1080.jpg,pituitary
..\data\Training\pituitary\Tr-pi_1081.jpg,pituitary
..\data\Training\pituitary\Tr-pi_1082.jpg,pituitary
..\data\Training\pituitary\Tr-pi_1083.jpg,pituitary
..\data\Training\pituitary\Tr-pi_1084.jpg,pituitary
..\data\Training\pituitary\Tr-pi_1085.jpg,pituitary
..\data\Training\pituitary\Tr-pi_1086.jpg,pituitary
..\data\Training\pituitary\Tr-pi_1087.jpg,pituitary
..\data\Training\pituitary\Tr-pi_1088.jpg,pituitary
..\data\Training\pituitary\Tr-pi_1089.jpg,pituitary
..\data\Training\pituitary\Tr-pi_109.jpg,pituitary
..\data\Training\pituitary\Tr-pi_1090.jpg,pituitary
..\data\Training\pituitary\Tr-pi_1091.jpg,pituitary
..\data\Training\pituitary\Tr-pi_1092.jpg,pituitary
..\data\Training\pituitary\Tr-pi_1093.jpg,pituitary
..\data\Training\pituitary\Tr-pi_1094.jpg,pituitary
..\data\Training\pituitary\Tr-pi_1095.jpg,pituitary
..\data\Training\pituitary\Tr-pi_1096.jpg,pituitary
..\data\Training\pituitary\Tr-pi_1097.jpg,pituitary
..\data\Training\pituitary\Tr-pi_1098.jpg,pituitary
..\data\Training\pituitary\Tr-pi_1099.jpg,pituitary
..\data\Training\pituitary\Tr-pi_11.jpg,pituitary
..\data\Training\pituitary\Tr-pi_110.jpg,pituitary
..\data\Training\pituitary\Tr-pi_1100.jpg,pituitary
..\data\Training\pituitary\Tr-pi_1101.jpg,pituitary
..\data\Training\pituitary\Tr-pi_1102.jpg,pituitary
..\data\Training\pituitary\Tr-pi_1103.jpg,pituitary
..\data\Training\pituitary\Tr-pi_1104.jpg,pituitary
..\data\Training\pituitary\Tr-pi_1105.jpg,pituitary
..\data\Training\pituitary\Tr-pi_1106.jpg,pituitary
..\data\Training\pituitary\Tr-pi_1107.jpg,pituitary
..\data\Training\pituitary\Tr-pi_1108.jpg,pituitary
..\data\Training\pituitary\Tr-pi_1109.jpg,pituitary
..\data\Training\pituitary\Tr-pi_111.jpg,pituitary
..\data\Training\pituitary\Tr-pi_1110.jpg,pituitary
..\data\Training\pituitary\Tr-pi_1111.jpg,pituitary
..\data\Training\pituitary\Tr-pi_1112.jpg,pituitary
..\data\Training\pituitary\Tr-pi_1113.jpg,pituitary
..\data\Training\pituitary\Tr-pi_1114.jpg,pituitary
..\data\Training\pituitary\Tr-pi_1115.jpg,pituitary
..\data\Training\pituitary\Tr-pi_1116.jpg,pituitary
..\data\Training\pituitary\Tr-pi_1117.jpg,pituitary
..\data\Training\pituitary\Tr-pi_1118.jpg,pituitary
..\data\Training\pituitary\Tr-pi_1119.jpg,pituitary
..\data\Training\pituitary\Tr-pi_112.jpg,pituitary
..\data\Training\pituitary\Tr-pi_1120.jpg,pituitary
..\data\Training\pituitary\Tr-pi_1121.jpg,pituitary
..\data\Training\pituitary\Tr-pi_1122.jpg,pituitary
..\data\Training\pituitary\Tr-pi_1123.jpg,pituitary
..\data\Training\pituitary\Tr-pi_1124.jpg,pituitary
..\data\Training\pituitary\Tr-pi_1125.jpg,pituitary
..\data\Training\pituitary\Tr-pi_1126.jpg,pituitary
..\data\Training\pituitary\Tr-pi_1127.jpg,pituitary
..\data\Training\pituitary\Tr-pi_1128.jpg,pituitary
..\data\Training\pituitary\Tr-pi_1129.jpg,pituitary
..\data\Training\pituitary\Tr-pi_113.jpg,pituitary
..\data\Training\pituitary\Tr-pi_1130.jpg,pituitary
..\data\Training\pituitary\Tr-pi_1131.jpg,pituitary
..\data\Training\pituitary\Tr-pi_1132.jpg,pituitary
..\data\Training\pituitary\Tr-pi_1133.jpg,pituitary
..\data\Training\pituitary\Tr-pi_1134.jpg,pituitary
..\data\Training\pituitary\Tr-pi_1135.jpg,pituitary
..\data\Training\pituitary\Tr-pi_1136.jpg,pituitary
..\data\Training\pituitary\Tr-pi_1137.jpg,pituitary
..\data\Training\pituitary\Tr-pi_1138.jpg,pituitary
..\data\Training\pituitary\Tr-pi_1139.jpg,pituitary
..\data\Training\pituitary\Tr-pi_114.jpg,pituitary
..\data\Training\pituitary\Tr-pi_1140.jpg,pituitary
..\data\Training\pituitary\Tr-pi_1141.jpg,pituitary
..\data\Training\pituitary\Tr-pi_1142.jpg,pituitary
..\data\Training\pituitary\Tr-pi_1143.jpg,pituitary
..\data\Training\pituitary\Tr-pi_1144.jpg,pituitary
..\data\Training\pituitary\Tr-pi_1145.jpg,pituitary
..\data\Training\pituitary\Tr-pi_1146.jpg,pituitary
..\data\Training\pituitary\Tr-pi_1147.jpg,pituitary
..\data\Training\pituitary\Tr-pi_1148.jpg,pituitary
..\data\Training\pituitary\Tr-pi_1149.jpg,pituitary
..\data\Training\pituitary\Tr-pi_115.jpg,pituitary
..\data\Training\pituitary\Tr-pi_1150.jpg,pituitary
..\data\Training\pituitary\Tr-pi_1151.jpg,pituitary
..\data\Training\pituitary\Tr-pi_1152.jpg,pituitary
..\data\Training\pituitary\Tr-pi_1153.jpg,pituitary
..\data\Training\pituitary\Tr-pi_1154.jpg,pituitary
..\data\Training\pituitary\Tr-pi_1155.jpg,pituitary
..\data\Training\pituitary\Tr-pi_1156.jpg,pituitary
..\data\Training\pituitary\Tr-pi_1157.jpg,pituitary
..\data\Training\pituitary\Tr-pi_1158.jpg,pituitary
..\data\Training\pituitary\Tr-pi_1159.jpg,pituitary
..\data\Training\pituitary\Tr-pi_116.jpg,pituitary
..\data\Training\pituitary\Tr-pi_1160.jpg,pituitary
..\data\Training\pituitary\Tr-pi_1161.jpg,pituitary
..\data\Training\pituitary\Tr-pi_1162.jpg,pituitary
..\data\Training\pituitary\Tr-pi_1163.jpg,pituitary
..\data\Training\pituitary\Tr-pi_1164.jpg,pituitary
..\data\Training\pituitary\Tr-pi_1165.jpg,pituitary
..\data\Training\pituitary\Tr-pi_1166.jpg,pituitary
..\data\Training\pituitary\Tr-pi_1167.jpg,pituitary
..\data\Training\pituitary\Tr-pi_1168.jpg,pituitary
..\data\Training\pituitary\Tr-pi_1169.jpg,pituitary
..\data\Training\pituitary\Tr-pi_117.jpg,pituitary
..\data\Training\pituitary\Tr-pi_1170.jpg,pituitary
..\data\Training\pituitary\Tr-pi_1171.jpg,pituitary
..\data\Training\pituitary\Tr-pi_1172.jpg,pituitary
..\data\Training\pituitary\Tr-pi_1173.jpg,pituitary
..\data\Training\pituitary\Tr-pi_1174.jpg,pituitary
..\data\Training\pituitary\Tr-pi_1175.jpg,pituitary
..\data\Training\pituitary\Tr-pi_1176.jpg,pituitary
..\data\Training\pituitary\Tr-pi_1177.jpg,pituitary
..\data\Training\pituitary\Tr-pi_1178.jpg,pituitary
..\data\Training\pituitary\Tr-pi_1179.jpg,pituitary
..\data\Training\pituitary\Tr-pi_118.jpg,pituitary
..\data\Training\pituitary\Tr-pi_1180.jpg,pituitary
..\data\Training\pituitary\Tr-pi_1181.jpg,pituitary
..\data\Training\pituitary\Tr-pi_1182.jpg,pituitary
..\data\Training\pituitary\Tr-pi_1183.jpg,pituitary
..\data\Training\pituitary\Tr-pi_1184.jpg,pituitary
..\data\Training\pituitary\Tr-pi_1185.jpg,pituitary
..\data\Training\pituitary\Tr-pi_1186.jpg,pituitary
..\data\Training\pituitary\Tr-pi_1187.jpg,pituitary
..\data\Training\pituitary\Tr-pi_1188.jpg,pituitary
..\data\Training\pituitary\Tr-pi_1189.jpg,pituitary
..\data\Training\pituitary\Tr-pi_119.jpg,pituitary
..\data\Training\pituitary\Tr-pi_1190.jpg,pituitary
..\data\Training\pituitary\Tr-pi_1191.jpg,pituitary
..\data\Training\pituitary\Tr-pi_1192.jpg,pituitary
..\data\Training\pituitary\Tr-pi_1193.jpg,pituitary
..\data\Training\pituitary\Tr-pi_1194.jpg,pituitary
..\data\Training\pituitary\Tr-pi_1195.jpg,pituitary
..\data\Training\pituitary\Tr-pi_1196.jpg,pituitary
..\data\Training\pituitary\Tr-pi_1197.jpg,pituitary
..\data\Training\pituitary\Tr-pi_1198.jpg,pituitary
..\data\Training\pituitary\Tr-pi_1199.jpg,pituitary
..\data\Training\pituitary\Tr-pi_12.jpg,pituitary
..\data\Training\pituitary\Tr-pi_120.jpg,pituitary
..\data\Training\pituitary\Tr-pi_1200.jpg,pituitary
..\data\Training\pituitary\Tr-pi_1201.jpg,pituitary
..\data\Training\pituitary\Tr-pi_1202.jpg,pituitary
..\data\Training\pituitary\Tr-pi_1203.jpg,pituitary
..\data\Training\pituitary\Tr-pi_1204.jpg,pituitary
..\data\Training\pituitary\Tr-pi_1205.jpg,pituitary
..\data\Training\pituitary\Tr-pi_1206.jpg,pituitary
..\data\Training\pituitary\Tr-pi_1207.jpg,pituitary
..\data\Training\pituitary\Tr-pi_1208.jpg,pituitary
..\data\Training\pituitary\Tr-pi_1209.jpg,pituitary
..\data\Training\pituitary\Tr-pi_121.jpg,pituitary
..\data\Training\pituitary\Tr-pi_1210.jpg,pituitary
..\data\Training\pituitary\Tr-pi_1211.jpg,pituitary
..\data\Training\pituitary\Tr-pi_1212.jpg,pituitary
..\data\Training\pituitary\Tr-pi_1213.jpg,pituitary
..\data\Training\pituitary\Tr-pi_1214.jpg,pituitary
..\data\Training\pituitary\Tr-pi_1215.jpg,pituitary
..\data\Training\pituitary\Tr-pi_1216.jpg,pituitary
..\data\Training\pituitary\Tr-pi_1217.jpg,pituitary
..\data\Training\pituitary\Tr-pi_1218.jpg,pituitary
..\data\Training\pituitary\Tr-pi_1219.jpg,pituitary
..\data\Training\pituitary\Tr-pi_122.jpg,pituitary
..\data\Training\pituitary\Tr-pi_1220.jpg,pituitary
..\data\Training\pituitary\Tr-pi_1221.jpg,pituitary
..\data\Training\pituitary\Tr-pi_1222.jpg,pituitary
..\data\Training\pituitary\Tr-pi_1223.jpg,pituitary
..\data\Training\pituitary\Tr-pi_1224.jpg,pituitary
..\data\Training\pituitary\Tr-pi_1225.jpg,pituitary
..\data\Training\pituitary\Tr-pi_1226.jpg,pituitary
..\data\Training\pituitary\Tr-pi_1227.jpg,pituitary
..\data\Training\pituitary\Tr-pi_1228.jpg,pituitary
..\data\Training\pituitary\Tr-pi_1229.jpg,pituitary
..\data\Training\pituitary\Tr-pi_123.jpg,pituitary
..\data\Training\pituitary\Tr-pi_1230.jpg,pituitary
..\data\Training\pituitary\Tr-pi_1231.jpg,pituitary
..\data\Training\pituitary\Tr-pi_1232.jpg,pituitary
..\data\Training\pituitary\Tr-pi_1233.jpg,pituitary
..\data\Training\pituitary\Tr-pi_1234.jpg,pituitary
..\data\Training\pituitary\Tr-pi_1235.jpg,pituitary
..\data\Training\pituitary\Tr-pi_1236.jpg,pituitary
..\data\Training\pituitary\Tr-pi_1237.jpg,pituitary
..\data\Training\pituitary\Tr-pi_1238.jpg,pituitary
..\data\Training\pituitary\Tr-pi_1239.jpg,pituitary
..\data\Training\pituitary\Tr-pi_124.jpg,pituitary
..\data\Training\pituitary\Tr-pi_1240.jpg,pituitary
..\data\Training\pituitary\Tr-pi_1241.jpg,pituitary
..\data\Training\pituitary\Tr-pi_1242.jpg,pituitary
..\data\Training\pituitary\Tr-pi_1243.jpg,pituitary
..\data\Training\pituitary\Tr-pi_1244.jpg,pituitary
..\data\Training\pituitary\Tr-pi_1245.jpg,pituitary
..\data\Training\pituitary\Tr-pi_1246.jpg,pituitary
..\data\Training\pituitary\Tr-pi_1247.jpg,pituitary
..\data\Training\pituitary\Tr-pi_1248.jpg,pituitary
..\data\Training\pituitary\Tr-pi_1249.jpg,pituitary
..\data\Training\pituitary\Tr-pi_125.jpg,pituitary
..\data\Training\pituitary\Tr-pi_1250.jpg,pituitary
..\data\Training\pituitary\Tr-pi_1251.jpg,pituitary
..\data\Training\pituitary\Tr-pi_1252.jpg,pituitary
..\data\Training\pituitary\Tr-pi_1253.jpg,pituitary
..\data\Training\pituitary\Tr-pi_1254.jpg,pituitary
..\data\Training\pituitary\Tr-pi_1255.jpg,pituitary
..\data\Training\pituitary\Tr-pi_1256.jpg,pituitary
..\data\Training\pituitary\Tr-pi_1257.jpg,pituitary
..\data\Training\pituitary\Tr-pi_1258.jpg,pituitary
..\data\Training\pituitary\Tr-pi_1259.jpg,pituitary
..\data\Training\pituitary\Tr-pi_126.jpg,pituitary
..\data\Training\pituitary\Tr-pi_1260.jpg,pituitary
..\data\Training\pituitary\Tr-pi_1261.jpg,pituitary
..\data\Training\pituitary\Tr-pi_1262.jpg,pituitary
..\data\Training\pituitary\Tr-pi_1263.jpg,pituitary
..\data\Training\pituitary\Tr-pi_1264.jpg,pituitary
..\data\Training\pituitary\Tr-pi_1265.jpg,pituitary
..\data\Training\pituitary\Tr-pi_1266.jpg,pituitary
..\data\Training\pituitary\Tr-pi_1267.jpg,pituitary
..\data\Training\pituitary\Tr-pi_1268.jpg,pituitary
..\data\Training\pituitary\Tr-pi_1269.jpg,pituitary
..\data\Training\pituitary\Tr-pi_127.jpg,pituitary
..\data\Training\pituitary\Tr-pi_1270.jpg,pituitary
..\data\Training\pituitary\Tr-pi_1271.jpg,pituitary
..\data\Training\pituitary\Tr-pi_1272.jpg,pituitary
..\data\Training\pituitary\Tr-pi_1273.jpg,pituitary
..\data\Training\pituitary\Tr-pi_1274.jpg,pituitary
..\data\Training\pituitary\Tr-pi_1275.jpg,pituitary
..\data\Training\pituitary\Tr-pi_1276.jpg,pituitary
..\data\Training\pituitary\Tr-pi_1277.jpg,pituitary
..\data\Training\pituitary\Tr-pi_1278.jpg,pituitary
..\data\Training\pituitary\Tr-pi_1279.jpg,pituitary
..\data\Training\pituitary\Tr-pi_128.jpg,pituitary
..\data\Training\pituitary\Tr-pi_1280.jpg,pituitary
..\data\Training\pituitary\Tr-pi_1281.jpg,pituitary
..\data\Training\pituitary\Tr-pi_1282.jpg,pituitary
..\data\Training\pituitary\Tr-pi_1283.jpg,pituitary
..\data\Training\pituitary\Tr-pi_1284.jpg,pituitary
..\data\Training\pituitary\Tr-pi_1285.jpg,pituitary
..\data\Training\pituitary\Tr-pi_1286.jpg,pituitary
..\data\Training\pituitary\Tr-pi_1287.jpg,pituitary
..\data\Training\pituitary\Tr-pi_1288.jpg,pituitary
..\data\Training\pituitary\Tr-pi_1289.jpg,pituitary
..\data\Training\pituitary\Tr-pi_129.jpg,pituitary
..\data\Training\pituitary\Tr-pi_1290.jpg,pituitary
..\data\Training\pituitary\Tr-pi_1291.jpg,pituitary
..\data\Training\pituitary\Tr-pi_1292.jpg,pituitary
..\data\Training\pituitary\Tr-pi_1293.jpg,pituitary
..\data\Training\pituitary\Tr-pi_1294.jpg,pituitary
..\data\Training\pituitary\Tr-pi_1295.jpg,pituitary
..\data\Training\pituitary\Tr-pi_1296.jpg,pituitary
..\data\Training\pituitary\Tr-pi_1297.jpg,pituitary
..\data\Training\pituitary\Tr-pi_1298.jpg,pituitary
..\data\Training\pituitary\Tr-pi_1299.jpg,pituitary
..\data\Training\pituitary\Tr-pi_13.jpg,pituitary
..\data\Training\pituitary\Tr-pi_130.jpg,pituitary
..\data\Training\pituitary\Tr-pi_1300.jpg,pituitary
..\data\Training\pituitary\Tr-pi_1301.jpg,pituitary
..\data\Training\pituitary\Tr-pi_1302.jpg,pituitary
..\data\Training\pituitary\Tr-pi_1303.jpg,pituitary
..\data\Training\pituitary\Tr-pi_1304.jpg,pituitary
..\data\Training\pituitary\Tr-pi_1305.jpg,pituitary
..\data\Training\pituitary\Tr-pi_1306.jpg,pituitary
..\data\Training\pituitary\Tr-pi_1307.jpg,pituitary
..\data\Training\pituitary\Tr-pi_1308.jpg,pituitary
..\data\Training\pituitary\Tr-pi_1309.jpg,pituitary
..\data\Training\pituitary\Tr-pi_131.jpg,pituitary
..\data\Training\pituitary\Tr-pi_1310.jpg,pituitary
..\data\Training\pituitary\Tr-pi_1311.jpg,pituitary
..\data\Training\pituitary\Tr-pi_1312.jpg,pituitary
..\data\Training\pituitary\Tr-pi_1313.jpg,pituitary
..\data\Training\pituitary\Tr-pi_1314.jpg,pituitary
..\data\Training\pituitary\Tr-pi_1315.jpg,pituitary
..\data\Training\pituitary\Tr-pi_1316.jpg,pituitary
..\data\Training\pituitary\Tr-pi_1317.jpg,pituitary
..\data\Training\pituitary\Tr-pi_1318.jpg,pituitary
..\data\Training\pituitary\Tr-pi_1319.jpg,pituitary
..\data\Training\pituitary\Tr-pi_132.jpg,pituitary
..\data\Training\pituitary\Tr-pi_1320.jpg,pituitary
..\data\Training\pituitary\Tr-pi_1321.jpg,pituitary
..\data\Training\pituitary\Tr-pi_1322.jpg,pituitary
..\data\Training\pituitary\Tr-pi_1323.jpg,pituitary
..\data\Training\pituitary\Tr-pi_1324.jpg,pituitary
..\data\Training\pituitary\Tr-pi_1325.jpg,pituitary
..\data\Training\pituitary\Tr-pi_1326.jpg,pituitary
..\data\Training\pituitary\Tr-pi_1327.jpg,pituitary
..\data\Training\pituitary\Tr-pi_1328.jpg,pituitary
..\data\Training\pituitary\Tr-pi_1329.jpg,pituitary
..\data\Training\pituitary\Tr-pi_133.jpg,pituitary
..\data\Training\pituitary\Tr-pi_1330.jpg,pituitary
..\data\Training\pituitary\Tr-pi_1331.jpg,pituitary
..\data\Training\pituitary\Tr-pi_1332.jpg,pituitary
..\data\Training\pituitary\Tr-pi_1333.jpg,pituitary
..\data\Training\pituitary\Tr-pi_1334.jpg,pituitary
..\data\Training\pituitary\Tr-pi_1335.jpg,pituitary
..\data\Training\pituitary\Tr-pi_1336.jpg,pituitary
..\data\Training\pituitary\Tr-pi_1337.jpg,pituitary
..\data\Training\pituitary\Tr-pi_1338.jpg,pituitary
..\data\Training\pituitary\Tr-pi_1339.jpg,pituitary
..\data\Training\pituitary\Tr-pi_134.jpg,pituitary
..\data\Training\pituitary\Tr-pi_1340.jpg,pituitary
..\data\Training\pituitary\Tr-pi_1341.jpg,pituitary
..\data\Training\pituitary\Tr-pi_1342.jpg,pituitary
..\data\Training\pituitary\Tr-pi_1343.jpg,pituitary
..\data\Training\pituitary\Tr-pi_1344.jpg,pituitary
..\data\Training\pituitary\Tr-pi_1345.jpg,pituitary
..\data\Training\pituitary\Tr-pi_1346.jpg,pituitary
..\data\Training\pituitary\Tr-pi_1347.jpg,pituitary
..\data\Training\pituitary\Tr-pi_1348.jpg,pituitary
..\data\Training\pituitary\Tr-pi_1349.jpg,pituitary
..\data\Training\pituitary\Tr-pi_135.jpg,pituitary
..\data\Training\pituitary\Tr-pi_1350.jpg,pituitary
..\data\Training\pituitary\Tr-pi_1351.jpg,pituitary
..\data\Training\pituitary\Tr-pi_1352.jpg,pituitary
..\data\Training\pituitary\Tr-pi_1353.jpg,pituitary
..\data\Training\pituitary\Tr-pi_1354.jpg,pituitary
..\data\Training\pituitary\Tr-pi_1355.jpg,pituitary
..\data\Training\pituitary\Tr-pi_1356.jpg,pituitary
..\data\Training\pituitary\Tr-pi_1357.jpg,pituitary
..\data\Training\pituitary\Tr-pi_1358.jpg,pituitary
..\data\Training\pituitary\Tr-pi_1359.jpg,pituitary
..\data\Training\pituitary\Tr-pi_136.jpg,pituitary
..\data\Training\pituitary\Tr-pi_1360.jpg,pituitary
..\data\Training\pituitary\Tr-pi_1361.jpg,pituitary
..\data\Training\pituitary\Tr-pi_1362.jpg,pituitary
..\data\Training\pituitary\Tr-pi_1363.jpg,pituitary
..\data\Training\pituitary\Tr-pi_1364.jpg,pituitary
..\data\Training\pituitary\Tr-pi_1365.jpg,pituitary
..\data\Training\pituitary\Tr-pi_1366.jpg,pituitary
..\data\Training\pituitary\Tr-pi_1367.jpg,pituitary
..\data\Training\pituitary\Tr-pi_1368.jpg,pituitary
..\data\Training\pituitary\Tr-pi_1369.jpg,pituitary
..\data\Training\pituitary\Tr-pi_137.jpg,pituitary
..\data\Training\pituitary\Tr-pi_1370.jpg,pituitary
..\data\Training\pituitary\Tr-pi_1371.jpg,pituitary
..\data\Training\pituitary\Tr-pi_1372.jpg,pituitary
..\data\Training\pituitary\Tr-pi_1373.jpg,pituitary
..\data\Training\pituitary\Tr-pi_1374.jpg,pituitary
..\data\Training\pituitary\Tr-pi_1375.jpg,pituitary
..\data\Training\pituitary\Tr-pi_1376.jpg,pituitary
..\data\Training\pituitary\Tr-pi_1377.jpg,pituitary
..\data\Training\pituitary\Tr-pi_1378.jpg,pituitary
..\data\Training\pituitary\Tr-pi_1379.jpg,pituitary
..\data\Training\pituitary\Tr-pi_138.jpg,pituitary
..\data\Training\pituitary\Tr-pi_1380.jpg,pituitary
..\data\Training\pituitary\Tr-pi_1381.jpg,pituitary
..\data\Training\pituitary\Tr-pi_1382.jpg,pituitary
..\data\Training\pituitary\Tr-pi_1383.jpg,pituitary
..\data\Training\pituitary\Tr-pi_1384.jpg,pituitary
..\data\Training\pituitary\Tr-pi_1385.jpg,pituitary
..\data\Training\pituitary\Tr-pi_1386.jpg,pituitary
..\data\Training\pituitary\Tr-pi_1387.jpg,pituitary
..\data\Training\pituitary\Tr-pi_1388.jpg,pituitary
..\data\Training\pituitary\Tr-pi_1389.jpg,pituitary
..\data\Training\pituitary\Tr-pi_139.jpg,pituitary
..\data\Training\pituitary\Tr-pi_1390.jpg,pituitary
..\data\Training\pituitary\Tr-pi_1391.jpg,pituitary
..\data\Training\pituitary\Tr-pi_1392.jpg,pituitary
..\data\Training\pituitary\Tr-pi_1393.jpg,pituitary
..\data\Training\pituitary\Tr-pi_1394.jpg,pituitary
..\data\Training\pituitary\Tr-pi_1395.jpg,pituitary
..\data\Training\pituitary\Tr-pi_1396.jpg,pituitary
..\data\Training\pituitary\Tr-pi_1397.jpg,pituitary
..\data\Training\pituitary\Tr-pi_1398.jpg,pituitary
..\data\Training\pituitary\Tr-pi_1399.jpg,pituitary
..\data\Training\pituitary\Tr-pi_14.jpg,pituitary
..\data\Training\pituitary\Tr-pi_140.jpg,pituitary
..\data\Training\pituitary\Tr-pi_1400.jpg,pituitary
..\data\Training\pituitary\Tr-pi_141.jpg,pituitary
..\data\Training\pituitary\Tr-pi_142.jpg,pituitary
..\data\Training\pituitary\Tr-pi_143.jpg,pituitary
..\data\Training\pituitary\Tr-pi_144.jpg,pituitary
..\data\Training\pituitary\Tr-pi_145.jpg,pituitary
..\data\Training\pituitary\Tr-pi_146.jpg,pituitary
..\data\Training\pituitary\Tr-pi_147.jpg,pituitary
..\data\Training\pituitary\Tr-pi_148.jpg,pituitary
..\data\Training\pituitary\Tr-pi_149.jpg,pituitary
..\data\Training\pituitary\Tr-pi_15.jpg,pituitary
..\data\Training\pituitary\Tr-pi_150.jpg,pituitary
..\data\Training\pituitary\Tr-pi_151.jpg,pituitary
..\data\Training\pituitary\Tr-pi_152.jpg,pituitary
..\data\Training\pituitary\Tr-pi_153.jpg,pituitary
..\data\Training\pituitary\Tr-pi_154.jpg,pituitary
..\data\Training\pituitary\Tr-pi_155.jpg,pituitary
..\data\Training\pituitary\Tr-pi_156.jpg,pituitary
..\data\Training\pituitary\Tr-pi_157.jpg,pituitary
..\data\Training\pituitary\Tr-pi_158.jpg,pituitary
..\data\Training\pituitary\Tr-pi_159.jpg,pituitary
..\data\Training\pituitary\Tr-pi_16.jpg,pituitary
..\data\Training\pituitary\Tr-pi_160.jpg,pituitary
..\data\Training\pituitary\Tr-pi_161.jpg,pituitary
..\data\Training\pituitary\Tr-pi_162.jpg,pituitary
..\data\Training\pituitary\Tr-pi_163.jpg,pituitary
..\data\Training\pituitary\Tr-pi_164.jpg,pituitary
..\data\Training\pituitary\Tr-pi_165.jpg,pituitary
..\data\Training\pituitary\Tr-pi_166.jpg,pituitary
..\data\Training\pituitary\Tr-pi_167.jpg,pituitary
..\data\Training\pituitary\Tr-pi_168.jpg,pituitary
..\data\Training\pituitary\Tr-pi_169.jpg,pituitary
..\data\Training\pituitary\Tr-pi_17.jpg,pituitary
..\data\Training\pituitary\Tr-pi_170.jpg,pituitary
..\data\Training\pituitary\Tr-pi_171.jpg,pituitary
..\data\Training\pituitary\Tr-pi_172.jpg,pituitary
..\data\Training\pituitary\Tr-pi_173.jpg,pituitary
..\data\Training\pituitary\Tr-pi_174.jpg,pituitary
..\data\Training\pituitary\Tr-pi_175.jpg,pituitary
..\data\Training\pituitary\Tr-pi_176.jpg,pituitary
..\data\Training\pituitary\Tr-pi_177.jpg,pituitary
..\data\Training\pituitary\Tr-pi_178.jpg,pituitary
..\data\Training\pituitary\Tr-pi_179.jpg,pituitary
..\data\Training\pituitary\Tr-pi_18.jpg,pituitary
..\data\Training\pituitary\Tr-pi_180.jpg,pituitary
..\data\Training\pituitary\Tr-pi_181.jpg,pituitary
..\data\Training\pituitary\Tr-pi_182.jpg,pituitary
..\data\Training\pituitary\Tr-pi_183.jpg,pituitary
..\data\Training\pituitary\Tr-pi_184.jpg,pituitary
..\data\Training\pituitary\Tr-pi_185.jpg,pituitary
..\data\Training\pituitary\Tr-pi_186.jpg,pituitary
..\data\Training\pituitary\Tr-pi_187.jpg,pituitary
..\data\Training\pituitary\Tr-pi_188.jpg,pituitary
..\data\Training\pituitary\Tr-pi_189.jpg,pituitary
..\data\Training\pituitary\Tr-pi_19.jpg,pituitary
..\data\Training\pituitary\Tr-pi_190.jpg,pituitary
..\data\Training\pituitary\Tr-pi_191.jpg,pituitary
..\data\Training\pituitary\Tr-pi_192.jpg,pituitary
..\data\Training\pituitary\Tr-pi_193.jpg,pituitary
..\data\Training\pituitary\Tr-pi_194.jpg,pituitary
..\data\Training\pituitary\Tr-pi_195.jpg,pituitary
..\data\Training\pituitary\Tr-pi_196.jpg,pituitary
..\data\Training\pituitary\Tr-pi_197.jpg,pituitary
..\data\Training\pituitary\Tr-pi_198.jpg,pituitary
..\data\Training\pituitary\Tr-pi_199.jpg,pituitary
..\data\Training\pituitary\Tr-pi_2.jpg,pituitary
..\data\Training\pituitary\Tr-pi_20.jpg,pituitary
..\data\Training\pituitary\Tr-pi_200.jpg,pituitary
..\data\Training\pituitary\Tr-pi_201.jpg,pituitary
..\data\Training\pituitary\Tr-pi_202.jpg,pituitary
..\data\Training\pituitary\Tr-pi_203.jpg,pituitary
..\data\Training\pituitary\Tr-pi_204.jpg,pituitary
..\data\Training\pituitary\Tr-pi_205.jpg,pituitary
..\data\Training\pituitary\Tr-pi_206.jpg,pituitary
..\data\Training\pituitary\Tr-pi_207.jpg,pituitary
..\data\Training\pituitary\Tr-pi_208.jpg,pituitary
..\data\Training\pituitary\Tr-pi_209.jpg,pituitary
..\data\Training\pituitary\Tr-pi_21.jpg,pituitary
..\data\Training\pituitary\Tr-pi_210.jpg,pituitary
..\data\Training\pituitary\Tr-pi_211.jpg,pituitary
..\data\Training\pituitary\Tr-pi_212.jpg,pituitary
..\data\Training\pituitary\Tr-pi_213.jpg,pituitary
..\data\Training\pituitary\Tr-pi_214.jpg,pituitary
..\data\Training\pituitary\Tr-pi_215.jpg,pituitary
..\data\Training\pituitary\Tr-pi_216.jpg,pituitary
..\data\Training\pituitary\Tr-pi_217.jpg,pituitary
..\data\Training\pituitary\Tr-pi_218.jpg,pituitary
..\data\Training\pituitary\Tr-pi_219.jpg,pituitary
..\data\Training\pituitary\Tr-pi_22.jpg,pituitary
..\data\Training\pituitary\Tr-pi_220.jpg,pituitary
..\data\Training\pituitary\Tr-pi_221.jpg,pituitary
..\data\Training\pituitary\Tr-pi_222.jpg,pituitary
..\data\Training\pituitary\Tr-pi_223.jpg,pituitary
..\data\Training\pituitary\Tr-pi_224.jpg,pituitary
..\data\Training\pituitary\Tr-pi_225.jpg,pituitary
..\data\Training\pituitary\Tr-pi_226.jpg,pituitary
..\data\Training\pituitary\Tr-pi_227.jpg,pituitary
..\data\Training\pituitary\Tr-pi_228.jpg,pituitary
..\data\Training\pituitary\Tr-pi_229.jpg,pituitary
..\data\Training\pituitary\Tr-pi_23.jpg,pituitary
..\data\Training\pituitary\Tr-pi_230.jpg,pituitary
..\data\Training\pituitary\Tr-pi_231.jpg,pituitary
..\data\Training\pituitary\Tr-pi_232.jpg,pituitary
..\data\Training\pituitary\Tr-pi_233.jpg,pituitary
..\data\Training\pituitary\Tr-pi_234.jpg,pituitary
..\data\Training\pituitary\Tr-pi_235.jpg,pituitary
..\data\Training\pituitary\Tr-pi_236.jpg,pituitary
..\data\Training\pituitary\Tr-pi_237.jpg,pituitary
..\data\Training\pituitary\Tr-pi_238.jpg,pituitary
..\data\Training\pituitary\Tr-pi_239.jpg,pituitary
..\data\Training\pituitary\Tr-pi_24.jpg,pituitary
..\data\Training\pituitary\Tr-pi_240.jpg,pituitary
..\data\Training\pituitary\Tr-pi_241.jpg,pituitary
..\data\Training\pituitary\Tr-pi_242.jpg,pituitary
..\data\Training\pituitary\Tr-pi_243.jpg,pituitary
..\data\Training\pituitary\Tr-pi_244.jpg,pituitary
..\data\Training\pituitary\Tr-pi_245.jpg,pituitary
..\data\Training\pituitary\Tr-pi_246.jpg,pituitary
..\data\Training\pituitary\Tr-pi_247.jpg,pituitary
..\data\Training\pituitary\Tr-pi_248.jpg,pituitary
..\data\Training\pituitary\Tr-pi_249.jpg,pituitary
..\data\Training\pituitary\Tr-pi_25.jpg,pituitary
..\data\Training\pituitary\Tr-pi_250.jpg,pituitary
..\data\Training\pituitary\Tr-pi_251.jpg,pituitary
..\data\Training\pituitary\Tr-pi_252.jpg,pituitary
..\data\Training\pituitary\Tr-pi_253.jpg,pituitary
..\data\Training\pituitary\Tr-pi_254.jpg,pituitary
..\data\Training\pituitary\Tr-pi_255.jpg,pituitary
..\data\Training\pituitary\Tr-pi_256.jpg,pituitary
..\data\Training\pituitary\Tr-pi_257.jpg,pituitary
..\data\Training\pituitary\Tr-pi_258.jpg,pituitary
..\data\Training\pituitary\Tr-pi_259.jpg,pituitary
..\data\Training\pituitary\Tr-pi_26.jpg,pituitary
..\data\Training\pituitary\Tr-pi_260.jpg,pituitary
..\data\Training\pituitary\Tr-pi_261.jpg,pituitary
..\data\Training\pituitary\Tr-pi_262.jpg,pituitary
..\data\Training\pituitary\Tr-pi_263.jpg,pituitary
..\data\Training\pituitary\Tr-pi_264.jpg,pituitary
..\data\Training\pituitary\Tr-pi_265.jpg,pituitary
..\data\Training\pituitary\Tr-pi_266.jpg,pituitary
..\data\Training\pituitary\Tr-pi_267.jpg,pituitary
..\data\Training\pituitary\Tr-pi_268.jpg,pituitary
..\data\Training\pituitary\Tr-pi_269.jpg,pituitary
..\data\Training\pituitary\Tr-pi_27.jpg,pituitary
..\data\Training\pituitary\Tr-pi_270.jpg,pituitary
..\data\Training\pituitary\Tr-pi_271.jpg,pituitary
..\data\Training\pituitary\Tr-pi_272.jpg,pituitary
..\data\Training\pituitary\Tr-pi_273.jpg,pituitary
..\data\Training\pituitary\Tr-pi_274.jpg,pituitary
..\data\Training\pituitary\Tr-pi_275.jpg,pituitary
..\data\Training\pituitary\Tr-pi_276.jpg,pituitary
..\data\Training\pituitary\Tr-pi_277.jpg,pituitary
..\data\Training\pituitary\Tr-pi_278.jpg,pituitary
..\data\Training\pituitary\Tr-pi_279.jpg,pituitary
..\data\Training\pituitary\Tr-pi_28.jpg,pituitary
..\data\Training\pituitary\Tr-pi_280.jpg,pituitary
..\data\Training\pituitary\Tr-pi_281.jpg,pituitary
..\data\Training\pituitary\Tr-pi_282.jpg,pituitary
..\data\Training\pituitary\Tr-pi_283.jpg,pituitary
..\data\Training\pituitary\Tr-pi_284.jpg,pituitary
..\data\Training\pituitary\Tr-pi_285.jpg,pituitary
..\data\Training\pituitary\Tr-pi_286.jpg,pituitary
..\data\Training\pituitary\Tr-pi_287.jpg,pituitary
..\data\Training\pituitary\Tr-pi_288.jpg,pituitary
..\data\Training\pituitary\Tr-pi_289.jpg,pituitary
..\data\Training\pituitary\Tr-pi_29.jpg,pituitary
..\data\Training\pituitary\Tr-pi_290.jpg,pituitary
..\data\Training\pituitary\Tr-pi_291.jpg,pituitary
..\data\Training\pituitary\Tr-pi_292.jpg,pituitary
..\data\Training\pituitary\Tr-pi_293.jpg,pituitary
..\data\Training\pituitary\Tr-pi_294.jpg,pituitary
..\data\Training\pituitary\Tr-pi_295.jpg,pituitary
..\data\Training\pituitary\Tr-pi_296.jpg,pituitary
..\data\Training\pituitary\Tr-pi_297.jpg,pituitary
..\data\Training\pituitary\Tr-pi_298.jpg,pituitary
..\data\Training\pituitary\Tr-pi_299.jpg,pituitary
..\data\Training\pituitary\Tr-pi_3.jpg,pituitary
..\data\Training\pituitary\Tr-pi_30.jpg,pituitary
..\data\Training\pituitary\Tr-pi_300.jpg,pituitary
..\data\Training\pituitary\Tr-pi_301.jpg,pituitary
..\data\Training\pituitary\Tr-pi_302.jpg,pituitary
..\data\Training\pituitary\Tr-pi_303.jpg,pituitary
..\data\Training\pituitary\Tr-pi_304.jpg,pituitary
..\data\Training\pituitary\Tr-pi_305.jpg,pituitary
..\data\Training\pituitary\Tr-pi_306.jpg,pituitary
..\data\Training\pituitary\Tr-pi_307.jpg,pituitary
..\data\Training\pituitary\Tr-pi_308.jpg,pituitary
..\data\Training\pituitary\Tr-pi_309.jpg,pituitary
..\data\Training\pituitary\Tr-pi_31.jpg,pituitary
..\data\Training\pituitary\Tr-pi_310.jpg,pituitary
..\data\Training\pituitary\Tr-pi_311.jpg,pituitary
..\data\Training\pituitary\Tr-pi_312.jpg,pituitary
..\data\Training\pituitary\Tr-pi_313.jpg,pituitary
..\data\Training\pituitary\Tr-pi_314.jpg,pituitary
..\data\Training\pituitary\Tr-pi_315.jpg,pituitary
..\data\Training\pituitary\Tr-pi_316.jpg,pituitary
..\data\Training\pituitary\Tr-pi_317.jpg,pituitary
..\data\Training\pituitary\Tr-pi_318.jpg,pituitary
..\data\Training\pituitary\Tr-pi_319.jpg,pituitary
..\data\Training\pituitary\Tr-pi_32.jpg,pituitary
..\data\Training\pituitary\Tr-pi_320.jpg,pituitary
..\data\Training\pituitary\Tr-pi_321.jpg,pituitary
..\data\Training\pituitary\Tr-pi_322.jpg,pituitary
..\data\Training\pituitary\Tr-pi_323.jpg,pituitary
..\data\Training\pituitary\Tr-pi_324.jpg,pituitary
..\data\Training\pituitary\Tr-pi_325.jpg,pituitary
..\data\Training\pituitary\Tr-pi_326.jpg,pituitary
..\data\Training\pituitary\Tr-pi_327.jpg,pituitary
..\data\Training\pituitary\Tr-pi_328.jpg,pituitary
..\data\Training\pituitary\Tr-pi_329.jpg,pituitary
..\data\Training\pituitary\Tr-pi_33.jpg,pituitary
..\data\Training\pituitary\Tr-pi_330.jpg,pituitary
..\data\Training\pituitary\Tr-pi_331.jpg,pituitary
..\data\Training\pituitary\Tr-pi_332.jpg,pituitary
..\data\Training\pituitary\Tr-pi_333.jpg,pituitary
..\data\Training\pituitary\Tr-pi_334.jpg,pituitary
..\data\Training\pituitary\Tr-pi_335.jpg,pituitary
..\data\Training\pituitary\Tr-pi_336.jpg,pituitary
..\data\Training\pituitary\Tr-pi_337.jpg,pituitary
..\data\Training\pituitary\Tr-pi_338.jpg,pituitary
..\data\Training\pituitary\Tr-pi_339.jpg,pituitary
..\data\Training\pituitary\Tr-pi_34.jpg,pituitary
..\data\Training\pituitary\Tr-pi_340.jpg,pituitary
..\data\Training\pituitary\Tr-pi_341.jpg,pituitary
..\data\Training\pituitary\Tr-pi_342.jpg,pituitary
..\data\Training\pituitary\Tr-pi_343.jpg,pituitary
..\data\Training\pituitary\Tr-pi_344.jpg,pituitary
..\data\Training\pituitary\Tr-pi_345.jpg,pituitary
..\data\Training\pituitary\Tr-pi_346.jpg,pituitary
..\data\Training\pituitary\Tr-pi_347.jpg,pituitary
..\data\Training\pituitary\Tr-pi_348.jpg,pituitary
..\data\Training\pituitary\Tr-pi_349.jpg,pituitary
..\data\Training\pituitary\Tr-pi_35.jpg,pituitary
..\data\Training\pituitary\Tr-pi_350.jpg,pituitary
..\data\Training\pituitary\Tr-pi_351.jpg,pituitary
..\data\Training\pituitary\Tr-pi_352.jpg,pituitary
..\data\Training\pituitary\Tr-pi_353.jpg,pituitary
..\data\Training\pituitary\Tr-pi_354.jpg,pituitary
..\data\Training\pituitary\Tr-pi_355.jpg,pituitary
..\data\Training\pituitary\Tr-pi_356.jpg,pituitary
..\data\Training\pituitary\Tr-pi_357.jpg,pituitary
..\data\Training\pituitary\Tr-pi_358.jpg,pituitary
..\data\Training\pituitary\Tr-pi_359.jpg,pituitary
..\data\Training\pituitary\Tr-pi_36.jpg,pituitary
..\data\Training\pituitary\Tr-pi_360.jpg,pituitary
..\data\Training\pituitary\Tr-pi_361.jpg,pituitary
..\data\Training\pituitary\Tr-pi_362.jpg,pituitary
..\data\Training\pituitary\Tr-pi_363.jpg,pituitary
..\data\Training\pituitary\Tr-pi_364.jpg,pituitary
..\data\Training\pituitary\Tr-pi_365.jpg,pituitary
..\data\Training\pituitary\Tr-pi_366.jpg,pituitary
..\data\Training\pituitary\Tr-pi_367.jpg,pituitary
..\data\Training\pituitary\Tr-pi_368.jpg,pituitary
..\data\Training\pituitary\Tr-pi_369.jpg,pituitary
..\data\Training\pituitary\Tr-pi_37.jpg,pituitary
..\data\Training\pituitary\Tr-pi_370.jpg,pituitary
..\data\Training\pituitary\Tr-pi_371.jpg,pituitary
..\data\Training\pituitary\Tr-pi_372.jpg,pituitary
..\data\Training\pituitary\Tr-pi_373.jpg,pituitary
..\data\Training\pituitary\Tr-pi_374.jpg,pituitary
..\data\Training\pituitary\Tr-pi_375.jpg,pituitary
..\data\Training\pituitary\Tr-pi_376.jpg,pituitary
..\data\Training\pituitary\Tr-pi_377.jpg,pituitary
..\data\Training\pituitary\Tr-pi_378.jpg,pituitary
..\data\Training\pituitary\Tr-pi_379.jpg,pituitary
..\data\Training\pituitary\Tr-pi_38.jpg,pituitary
..\data\Training\pituitary\Tr-pi_380.jpg,pituitary
..\data\Training\pituitary\Tr-pi_381.jpg,pituitary
..\data\Training\pituitary\Tr-pi_382.jpg,pituitary
..\data\Training\pituitary\Tr-pi_383.jpg,pituitary
..\data\Training\pituitary\Tr-pi_384.jpg,pituitary
..\data\Training\pituitary\Tr-pi_385.jpg,pituitary
..\data\Training\pituitary\Tr-pi_386.jpg,pituitary
..\data\Training\pituitary\Tr-pi_387.jpg,pituitary
..\data\Training\pituitary\Tr-pi_388.jpg,pituitary
..\data\Training\pituitary\Tr-pi_389.jpg,pituitary
..\data\Training\pituitary\Tr-pi_39.jpg,pituitary
..\data\Training\pituitary\Tr-pi_390.jpg,pituitary
..\data\Training\pituitary\Tr-pi_391.jpg,pituitary
..\data\Training\pituitary\Tr-pi_392.jpg,pituitary
..\data\Training\pituitary\Tr-pi_393.jpg,pituitary
..\data\Training\pituitary\Tr-pi_394.jpg,pituitary
..\data\Training\pituitary\Tr-pi_395.jpg,pituitary
..\data\Training\pituitary\Tr-pi_396.jpg,pituitary
..\data\Training\pituitary\Tr-pi_397.jpg,pituitary
..\data\Training\pituitary\Tr-pi_398.jpg,pituitary
..\data\Training\pituitary\Tr-pi_399.jpg,pituitary
..\data\Training\pituitary\Tr-pi_4.jpg,pituitary
..\data\Training\pituitary\Tr-pi_40.jpg,pituitary
..\data\Training\pituitary\Tr-pi_400.jpg,pituitary
..\data\Training\pituitary\Tr-pi_401.jpg,pituitary
..\data\Training\pituitary\Tr-pi_402.jpg,pituitary
..\data\Training\pituitary\Tr-pi_403.jpg,pituitary
..\data\Training\pituitary\Tr-pi_404.jpg,pituitary
..\data\Training\pituitary\Tr-pi_405.jpg,pituitary
..\data\Training\pituitary\Tr-pi_406.jpg,pituitary
..\data\Training\pituitary\Tr-pi_407.jpg,pituitary
..\data\Training\pituitary\Tr-pi_408.jpg,pituitary
..\data\Training\pituitary\Tr-pi_409.jpg,pituitary
..\data\Training\pituitary\Tr-pi_41.jpg,pituitary
..\data\Training\pituitary\Tr-pi_410.jpg,pituitary
..\data\Training\pituitary\Tr-pi_411.jpg,pituitary
..\data\Training\pituitary\Tr-pi_412.jpg,pituitary
..\data\Training\pituitary\Tr-pi_413.jpg,pituitary
..\data\Training\pituitary\Tr-pi_414.jpg,pituitary
..\data\Training\pituitary\Tr-pi_415.jpg,pituitary
..\data\Training\pituitary\Tr-pi_416.jpg,pituitary
..\data\Training\pituitary\Tr-pi_417.jpg,pituitary
..\data\Training\pituitary\Tr-pi_418.jpg,pituitary
..\data\Training\pituitary\Tr-pi_419.jpg,pituitary
..\data\Training\pituitary\Tr-pi_42.jpg,pituitary
..\data\Training\pituitary\Tr-pi_420.jpg,pituitary
..\data\Training\pituitary\Tr-pi_421.jpg,pituitary
..\data\Training\pituitary\Tr-pi_422.jpg,pituitary
..\data\Training\pituitary\Tr-pi_423.jpg,pituitary
..\data\Training\pituitary\Tr-pi_424.jpg,pituitary
..\data\Training\pituitary\Tr-pi_425.jpg,pituitary
..\data\Training\pituitary\Tr-pi_426.jpg,pituitary
..\data\Training\pituitary\Tr-pi_427.jpg,pituitary
..\data\Training\pituitary\Tr-pi_428.jpg,pituitary
..\data\Training\pituitary\Tr-pi_429.jpg,pituitary
..\data\Training\pituitary\Tr-pi_43.jpg,pituitary
..\data\Training\pituitary\Tr-pi_430.jpg,pituitary
..\data\Training\pituitary\Tr-pi_431.jpg,pituitary
..\data\Training\pituitary\Tr-pi_432.jpg,pituitary
..\data\Training\pituitary\Tr-pi_433.jpg,pituitary
..\data\Training\pituitary\Tr-pi_434.jpg,pituitary
..\data\Training\pituitary\Tr-pi_435.jpg,pituitary
..\data\Training\pituitary\Tr-pi_436.jpg,pituitary
..\data\Training\pituitary\Tr-pi_437.jpg,pituitary
..\data\Training\pituitary\Tr-pi_438.jpg,pituitary
..\data\Training\pituitary\Tr-pi_439.jpg,pituitary
..\data\Training\pituitary\Tr-pi_44.jpg,pituitary
..\data\Training\pituitary\Tr-pi_440.jpg,pituitary
..\data\Training\pituitary\Tr-pi_441.jpg,pituitary
..\data\Training\pituitary\Tr-pi_442.jpg,pituitary
..\data\Training\pituitary\Tr-pi_443.jpg,pituitary
..\data\Training\pituitary\Tr-pi_444.jpg,pituitary
..\data\Training\pituitary\Tr-pi_445.jpg,pituitary
..\data\Training\pituitary\Tr-pi_446.jpg,pituitary
..\data\Training\pituitary\Tr-pi_447.jpg,pituitary
..\data\Training\pituitary\Tr-pi_448.jpg,pituitary
..\data\Training\pituitary\Tr-pi_449.jpg,pituitary
..\data\Training\pituitary\Tr-pi_45.jpg,pituitary
..\data\Training\pituitary\Tr-pi_450.jpg,pituitary
..\data\Training\pituitary\Tr-pi_451.jpg,pituitary
..\data\Training\pituitary\Tr-pi_452.jpg,pituitary
..\data\Training\pituitary\Tr-pi_453.jpg,pituitary
..\data\Training\pituitary\Tr-pi_454.jpg,pituitary
..\data\Training\pituitary\Tr-pi_455.jpg,pituitary
..\data\Training\pituitary\Tr-pi_456.jpg,pituitary
..\data\Training\pituitary\Tr-pi_457.jpg,pituitary
..\data\Training\pituitary\Tr-pi_458.jpg,pituitary
..\data\Training\pituitary\Tr-pi_459.jpg,pituitary
..\data\Training\pituitary\Tr-pi_46.jpg,pituitary
..\data\Training\pituitary\Tr-pi_460.jpg,pituitary
..\data\Training\pituitary\Tr-pi_461.jpg,pituitary
..\data\Training\pituitary\Tr-pi_462.jpg,pituitary
..\data\Training\pituitary\Tr-pi_463.jpg,pituitary
..\data\Training\pituitary\Tr-pi_464.jpg,pituitary
..\data\Training\pituitary\Tr-pi_465.jpg,pituitary
..\data\Training\pituitary\Tr-pi_466.jpg,pituitary
..\data\Training\pituitary\Tr-pi_467.jpg,pituitary
..\data\Training\pituitary\Tr-pi_468.jpg,pituitary
..\data\Training\pituitary\Tr-pi_469.jpg,pituitary
..\data\Training\pituitary\Tr-pi_47.jpg,pituitary
..\data\Training\pituitary\Tr-pi_470.jpg,pituitary
..\data\Training\pituitary\Tr-pi_471.jpg,pituitary
..\data\Training\pituitary\Tr-pi_472.jpg,pituitary
..\data\Training\pituitary\Tr-pi_473.jpg,pituitary
..\data\Training\pituitary\Tr-pi_474.jpg,pituitary
..\data\Training\pituitary\Tr-pi_475.jpg,pituitary
..\data\Training\pituitary\Tr-pi_476.jpg,pituitary
..\data\Training\pituitary\Tr-pi_477.jpg,pituitary
..\data\Training\pituitary\Tr-pi_478.jpg,pituitary
..\data\Training\pituitary\Tr-pi_479.jpg,pituitary
..\data\Training\pituitary\Tr-pi_48.jpg,pituitary
..\data\Training\pituitary\Tr-pi_480.jpg,pituitary
..\data\Training\pituitary\Tr-pi_481.jpg,pituitary
..\data\Training\pituitary\Tr-pi_482.jpg,pituitary
..\data\Training\pituitary\Tr-pi_483.jpg,pituitary
..\data\Training\pituitary\Tr-pi_484.jpg,pituitary
..\data\Training\pituitary\Tr-pi_485.jpg,pituitary
..\data\Training\pituitary\Tr-pi_486.jpg,pituitary
..\data\Training\pituitary\Tr-pi_487.jpg,pituitary
..\data\Training\pituitary\Tr-pi_488.jpg,pituitary
..\data\Training\pituitary\Tr-pi_489.jpg,pituitary
..\data\Training\pituitary\Tr-pi_49.jpg,pituitary
..\data\Training\pituitary\Tr-pi_490.jpg,pituitary
..\data\Training\pituitary\Tr-pi_491.jpg,pituitary
..\data\Training\pituitary\Tr-pi_492.jpg,pituitary
..\data\Training\pituitary\Tr-pi_493.jpg,pituitary
..\data\Training\pituitary\Tr-pi_494.jpg,pituitary
..\data\Training\pituitary\Tr-pi_495.jpg,pituitary
..\data\Training\pituitary\Tr-pi_496.jpg,pituitary
..\data\Training\pituitary\Tr-pi_497.jpg,pituitary
..\data\Training\pituitary\Tr-pi_498.jpg,pituitary
..\data\Training\pituitary\Tr-pi_499.jpg,pituitary
..\data\Training\pituitary\Tr-pi_5.jpg,pituitary
..\data\Training\pituitary\Tr-pi_50.jpg,pituitary
..\data\Training\pituitary\Tr-pi_500.jpg,pituitary
..\data\Training\pituitary\Tr-pi_501.jpg,pituitary
..\data\Training\pituitary\Tr-pi_502.jpg,pituitary
..\data\Training\pituitary\Tr-pi_503.jpg,pituitary
..\data\Training\pituitary\Tr-pi_504.jpg,pituitary
..\data\Training\pituitary\Tr-pi_505.jpg,pituitary
..\data\Training\pituitary\Tr-pi_506.jpg,pituitary
..\data\Training\pituitary\Tr-pi_507.jpg,pituitary
..\data\Training\pituitary\Tr-pi_508.jpg,pituitary
..\data\Training\pituitary\Tr-pi_509.jpg,pituitary
..\data\Training\pituitary\Tr-pi_51.jpg,pituitary
..\data\Training\pituitary\Tr-pi_510.jpg,pituitary
..\data\Training\pituitary\Tr-pi_511.jpg,pituitary
..\data\Training\pituitary\Tr-pi_512.jpg,pituitary
..\data\Training\pituitary\Tr-pi_513.jpg,pituitary
..\data\Training\pituitary\Tr-pi_514.jpg,pituitary
..\data\Training\pituitary\Tr-pi_515.jpg,pituitary
..\data\Training\pituitary\Tr-pi_516.jpg,pituitary
..\data\Training\pituitary\Tr-pi_517.jpg,pituitary
..\data\Training\pituitary\Tr-pi_518.jpg,pituitary
..\data\Training\pituitary\Tr-pi_519.jpg,pituitary
..\data\Training\pituitary\Tr-pi_52.jpg,pituitary
..\data\Training\pituitary\Tr-pi_520.jpg,pituitary
..\data\Training\pituitary\Tr-pi_521.jpg,pituitary
..\data\Training\pituitary\Tr-pi_522.jpg,pituitary
..\data\Training\pituitary\Tr-pi_523.jpg,pituitary
..\data\Training\pituitary\Tr-pi_524.jpg,pituitary
..\data\Training\pituitary\Tr-pi_525.jpg,pituitary
..\data\Training\pituitary\Tr-pi_526.jpg,pituitary
..\data\Training\pituitary\Tr-pi_527.jpg,pituitary
..\data\Training\pituitary\Tr-pi_528.jpg,pituitary
..\data\Training\pituitary\Tr-pi_529.jpg,pituitary
..\data\Training\pituitary\Tr-pi_53.jpg,pituitary
..\data\Training\pituitary\Tr-pi_530.jpg,pituitary
..\data\Training\pituitary\Tr-pi_531.jpg,pituitary
..\data\Training\pituitary\Tr-pi_532.jpg,pituitary
..\data\Training\pituitary\Tr-pi_533.jpg,pituitary
..\data\Training\pituitary\Tr-pi_534.jpg,pituitary
..\data\Training\pituitary\Tr-pi_535.jpg,pituitary
..\data\Training\pituitary\Tr-pi_536.jpg,pituitary
..\data\Training\pituitary\Tr-pi_537.jpg,pituitary
..\data\Training\pituitary\Tr-pi_538.jpg,pituitary
..\data\Training\pituitary\Tr-pi_539.jpg,pituitary
..\data\Training\pituitary\Tr-pi_54.jpg,pituitary
..\data\Training\pituitary\Tr-pi_540.jpg,pituitary
..\data\Training\pituitary\Tr-pi_541.jpg,pituitary
..\data\Training\pituitary\Tr-pi_542.jpg,pituitary
..\data\Training\pituitary\Tr-pi_543.jpg,pituitary
..\data\Training\pituitary\Tr-pi_544.jpg,pituitary
..\data\Training\pituitary\Tr-pi_545.jpg,pituitary
..\data\Training\pituitary\Tr-pi_546.jpg,pituitary
..\data\Training\pituitary\Tr-pi_547.jpg,pituitary
..\data\Training\pituitary\Tr-pi_548.jpg,pituitary
..\data\Training\pituitary\Tr-pi_549.jpg,pituitary
..\data\Training\pituitary\Tr-pi_55.jpg,pituitary
..\data\Training\pituitary\Tr-pi_550.jpg,pituitary
..\data\Training\pituitary\Tr-pi_551.jpg,pituitary
..\data\Training\pituitary\Tr-pi_552.jpg,pituitary
..\data\Training\pituitary\Tr-pi_553.jpg,pituitary
..\data\Training\pituitary\Tr-pi_554.jpg,pituitary
..\data\Training\pituitary\Tr-pi_555.jpg,pituitary
..\data\Training\pituitary\Tr-pi_556.jpg,pituitary
..\data\Training\pituitary\Tr-pi_557.jpg,pituitary
..\data\Training\pituitary\Tr-pi_558.jpg,pituitary
..\data\Training\pituitary\Tr-pi_559.jpg,pituitary
..\data\Training\pituitary\Tr-pi_56.jpg,pituitary
..\data\Training\pituitary\Tr-pi_560.jpg,pituitary
..\data\Training\pituitary\Tr-pi_561.jpg,pituitary
..\data\Training\pituitary\Tr-pi_562.jpg,pituitary
..\data\Training\pituitary\Tr-pi_563.jpg,pituitary
..\data\Training\pituitary\Tr-pi_564.jpg,pituitary
..\data\Training\pituitary\Tr-pi_565.jpg,pituitary
..\data\Training\pituitary\Tr-pi_566.jpg,pituitary
..\data\Training\pituitary\Tr-pi_567.jpg,pituitary
..\data\Training\pituitary\Tr-pi_568.jpg,pituitary
..\data\Training\pituitary\Tr-pi_569.jpg,pituitary
..\data\Training\pituitary\Tr-pi_57.jpg,pituitary
..\data\Training\pituitary\Tr-pi_570.jpg,pituitary
..\data\Training\pituitary\Tr-pi_571.jpg,pituitary
..\data\Training\pituitary\Tr-pi_572.jpg,pituitary
..\data\Training\pituitary\Tr-pi_573.jpg,pituitary
..\data\Training\pituitary\Tr-pi_574.jpg,pituitary
..\data\Training\pituitary\Tr-pi_575.jpg,pituitary
..\data\Training\pituitary\Tr-pi_576.jpg,pituitary
..\data\Training\pituitary\Tr-pi_577.jpg,pituitary
..\data\Training\pituitary\Tr-pi_578.jpg,pituitary
..\data\Training\pituitary\Tr-pi_579.jpg,pituitary
..\data\Training\pituitary\Tr-pi_58.jpg,pituitary
..\data\Training\pituitary\Tr-pi_580.jpg,pituitary
..\data\Training\pituitary\Tr-pi_581.jpg,pituitary
..\data\Training\pituitary\Tr-pi_582.jpg,pituitary
..\data\Training\pituitary\Tr-pi_583.jpg,pituitary
..\data\Training\pituitary\Tr-pi_584.jpg,pituitary
..\data\Training\pituitary\Tr-pi_585.jpg,pituitary
..\data\Training\pituitary\Tr-pi_586.jpg,pituitary
..\data\Training\pituitary\Tr-pi_587.jpg,pituitary
..\data\Training\pituitary\Tr-pi_588.jpg,pituitary
..\data\Training\pituitary\Tr-pi_589.jpg,pituitary
..\data\Training\pituitary\Tr-pi_59.jpg,pituitary
..\data\Training\pituitary\Tr-pi_590.jpg,pituitary
..\data\Training\pituitary\Tr-pi_591.jpg,pituitary
..\data\Training\pituitary\Tr-pi_592.jpg,pituitary
..\data\Training\pituitary\Tr-pi_593.jpg,pituitary
..\data\Training\pituitary\Tr-pi_594.jpg,pituitary
..\data\Training\pituitary\Tr-pi_595.jpg,pituitary
..\data\Training\pituitary\Tr-pi_596.jpg,pituitary
..\data\Training\pituitary\Tr-pi_597.jpg,pituitary
..\data\Training\pituitary\Tr-pi_598.jpg,pituitary
..\data\Training\pituitary\Tr-pi_599.jpg,pituitary
..\data\Training\pituitary\Tr-pi_6.jpg,pituitary
..\data\Training\pituitary\Tr-pi_60.jpg,pituitary
..\data\Training\pituitary\Tr-pi_600.jpg,pituitary
..\data\Training\pituitary\Tr-pi_601.jpg,pituitary
..\data\Training\pituitary\Tr-pi_602.jpg,pituitary
..\data\Training\pituitary\Tr-pi_603.jpg,pituitary
..\data\Training\pituitary\Tr-pi_604.jpg,pituitary
..\data\Training\pituitary\Tr-pi_605.jpg,pituitary
..\data\Training\pituitary\Tr-pi_606.jpg,pituitary
..\data\Training\pituitary\Tr-pi_607.jpg,pituitary
..\data\Training\pituitary\Tr-pi_608.jpg,pituitary
..\data\Training\pituitary\Tr-pi_609.jpg,pituitary
..\data\Training\pituitary\Tr-pi_61.jpg,pituitary
..\data\Training\pituitary\Tr-pi_610.jpg,pituitary
..\data\Training\pituitary\Tr-pi_611.jpg,pituitary
..\data\Training\pituitary\Tr-pi_612.jpg,pituitary
..\data\Training\pituitary\Tr-pi_613.jpg,pituitary
..\data\Training\pituitary\Tr-pi_614.jpg,pituitary
..\data\Training\pituitary\Tr-pi_615.jpg,pituitary
..\data\Training\pituitary\Tr-pi_616.jpg,pituitary
..\data\Training\pituitary\Tr-pi_617.jpg,pituitary
..\data\Training\pituitary\Tr-pi_618.jpg,pituitary
..\data\Training\pituitary\Tr-pi_619.jpg,pituitary
..\data\Training\pituitary\Tr-pi_62.jpg,pituitary
..\data\Training\pituitary\Tr-pi_620.jpg,pituitary
..\data\Training\pituitary\Tr-pi_621.jpg,pituitary
..\data\Training\pituitary\Tr-pi_622.jpg,pituitary
..\data\Training\pituitary\Tr-pi_623.jpg,pituitary
..\data\Training\pituitary\Tr-pi_624.jpg,pituitary
..\data\Training\pituitary\Tr-pi_625.jpg,pituitary
..\data\Training\pituitary\Tr-pi_626.jpg,pituitary
..\data\Training\pituitary\Tr-pi_627.jpg,pituitary
..\data\Training\pituitary\Tr-pi_628.jpg,pituitary
..\data\Training\pituitary\Tr-pi_629.jpg,pituitary
..\data\Training\pituitary\Tr-pi_63.jpg,pituitary
..\data\Training\pituitary\Tr-pi_630.jpg,pituitary
..\data\Training\pituitary\Tr-pi_631.jpg,pituitary
..\data\Training\pituitary\Tr-pi_632.jpg,pituitary
..\data\Training\pituitary\Tr-pi_633.jpg,pituitary
..\data\Training\pituitary\Tr-pi_634.jpg,pituitary
..\data\Training\pituitary\Tr-pi_635.jpg,pituitary
..\data\Training\pituitary\Tr-pi_636.jpg,pituitary
..\data\Training\pituitary\Tr-pi_637.jpg,pituitary
..\data\Training\pituitary\Tr-pi_638.jpg,pituitary
..\data\Training\pituitary\Tr-pi_639.jpg,pituitary
..\data\Training\pituitary\Tr-pi_64.jpg,pituitary
..\data\Training\pituitary\Tr-pi_640.jpg,pituitary
..\data\Training\pituitary\Tr-pi_641.jpg,pituitary
..\data\Training\pituitary\Tr-pi_642.jpg,pituitary
..\data\Training\pituitary\Tr-pi_643.jpg,pituitary
..\data\Training\pituitary\Tr-pi_644.jpg,pituitary
..\data\Training\pituitary\Tr-pi_645.jpg,pituitary
..\data\Training\pituitary\Tr-pi_646.jpg,pituitary
..\data\Training\pituitary\Tr-pi_647.jpg,pituitary
..\data\Training\pituitary\Tr-pi_648.jpg,pituitary
..\data\Training\pituitary\Tr-pi_649.jpg,pituitary
..\data\Training\pituitary\Tr-pi_65.jpg,pituitary
..\data\Training\pituitary\Tr-pi_650.jpg,pituitary
..\data\Training\pituitary\Tr-pi_651.jpg,pituitary
..\data\Training\pituitary\Tr-pi_652.jpg,pituitary
..\data\Training\pituitary\Tr-pi_653.jpg,pituitary
..\data\Training\pituitary\Tr-pi_654.jpg,pituitary
..\data\Training\pituitary\Tr-pi_655.jpg,pituitary
..\data\Training\pituitary\Tr-pi_656.jpg,pituitary
..\data\Training\pituitary\Tr-pi_657.jpg,pituitary
..\data\Training\pituitary\Tr-pi_658.jpg,pituitary
..\data\Training\pituitary\Tr-pi_659.jpg,pituitary
..\data\Training\pituitary\Tr-pi_66.jpg,pituitary
..\data\Training\pituitary\Tr-pi_660.jpg,pituitary
..\data\Training\pituitary\Tr-pi_661.jpg,pituitary
..\data\Training\pituitary\Tr-pi_662.jpg,pituitary
..\data\Training\pituitary\Tr-pi_663.jpg,pituitary
..\data\Training\pituitary\Tr-pi_664.jpg,pituitary
..\data\Training\pituitary\Tr-pi_665.jpg,pituitary
..\data\Training\pituitary\Tr-pi_666.jpg,pituitary
..\data\Training\pituitary\Tr-pi_667.jpg,pituitary
..\data\Training\pituitary\Tr-pi_668.jpg,pituitary
..\data\Training\pituitary\Tr-pi_669.jpg,pituitary
..\data\Training\pituitary\Tr-pi_67.jpg,pituitary
..\data\Training\pituitary\Tr-pi_670.jpg,pituitary
..\data\Training\pituitary\Tr-pi_671.jpg,pituitary
..\data\Training\pituitary\Tr-pi_672.jpg,pituitary
..\data\Training\pituitary\Tr-pi_673.jpg,pituitary
..\data\Training\pituitary\Tr-pi_674.jpg,pituitary
..\data\Training\pituitary\Tr-pi_675.jpg,pituitary
..\data\Training\pituitary\Tr-pi_676.jpg,pituitary
..\data\Training\pituitary\Tr-pi_677.jpg,pituitary
..\data\Training\pituitary\Tr-pi_678.jpg,pituitary
..\data\Training\pituitary\Tr-pi_679.jpg,pituitary
..\data\Training\pituitary\Tr-pi_68.jpg,pituitary
..\data\Training\pituitary\Tr-pi_680.jpg,pituitary
..\data\Training\pituitary\Tr-pi_681.jpg,pituitary
..\data\Training\pituitary\Tr-pi_682.jpg,pituitary
..\data\Training\pituitary\Tr-pi_683.jpg,pituitary
..\data\Training\pituitary\Tr-pi_684.jpg,pituitary
..\data\Training\pituitary\Tr-pi_685.jpg,pituitary
..\data\Training\pituitary\Tr-pi_686.jpg,pituitary
..\data\Training\pituitary\Tr-pi_687.jpg,pituitary
..\data\Training\pituitary\Tr-pi_688.jpg,pituitary
..\data\Training\pituitary\Tr-pi_689.jpg,pituitary
..\data\Training\pituitary\Tr-pi_69.jpg,pituitary
..\data\Training\pituitary\Tr-pi_690.jpg,pituitary
..\data\Training\pituitary\Tr-pi_691.jpg,pituitary
..\data\Training\pituitary\Tr-pi_692.jpg,pituitary
..\data\Training\pituitary\Tr-pi_693.jpg,pituitary
..\data\Training\pituitary\Tr-pi_694.jpg,pituitary
..\data\Training\pituitary\Tr-pi_695.jpg,pituitary
..\data\Training\pituitary\Tr-pi_696.jpg,pituitary
..\data\Training\pituitary\Tr-pi_697.jpg,pituitary
..\data\Training\pituitary\Tr-pi_698.jpg,pituitary
..\data\Training\pituitary\Tr-pi_699.jpg,pituitary
..\data\Training\pituitary\Tr-pi_7.jpg,pituitary
..\data\Training\pituitary\Tr-pi_70.jpg,pituitary
..\data\Training\pituitary\Tr-pi_700.jpg,pituitary
..\data\Training\pituitary\Tr-pi_701.jpg,pituitary
..\data\Training\pituitary\Tr-pi_702.jpg,pituitary
..\data\Training\pituitary\Tr-pi_703.jpg,pituitary
..\data\Training\pituitary\Tr-pi_704.jpg,pituitary
..\data\Training\pituitary\Tr-pi_705.jpg,pituitary
..\data\Training\pituitary\Tr-pi_706.jpg,pituitary
..\data\Training\pituitary\Tr-pi_707.jpg,pituitary
..\data\Training\pituitary\Tr-pi_708.jpg,pituitary
..\data\Training\pituitary\Tr-pi_709.jpg,pituitary
..\data\Training\pituitary\Tr-pi_71.jpg,pituitary
..\data\Training\pituitary\Tr-pi_710.jpg,pituitary
..\data\Training\pituitary\Tr-pi_711.jpg,pituitary
..\data\Training\pituitary\Tr-pi_712.jpg,pituitary
..\data\Training\pituitary\Tr-pi_713.jpg,pituitary
..\data\Training\pituitary\Tr-pi_714.jpg,pituitary
..\data\Training\pituitary\Tr-pi_715.jpg,pituitary
..\data\Training\pituitary\Tr-pi_716.jpg,pituitary
..\data\Training\pituitary\Tr-pi_717.jpg,pituitary
..\data\Training\pituitary\Tr-pi_718.jpg,pituitary
..\data\Training\pituitary\Tr-pi_719.jpg,pituitary
..\data\Training\pituitary\Tr-pi_72.jpg,pituitary
..\data\Training\pituitary\Tr-pi_720.jpg,pituitary
..\data\Training\pituitary\Tr-pi_721.jpg,pituitary
..\data\Training\pituitary\Tr-pi_722.jpg,pituitary
..\data\Training\pituitary\Tr-pi_723.jpg,pituitary
..\data\Training\pituitary\Tr-pi_724.jpg,pituitary
..\data\Training\pituitary\Tr-pi_725.jpg,pituitary
..\data\Training\pituitary\Tr-pi_726.jpg,pituitary
..\data\Training\pituitary\Tr-pi_727.jpg,pituitary
..\data\Training\pituitary\Tr-pi_728.jpg,pituitary
..\data\Training\pituitary\Tr-pi_729.jpg,pituitary
..\data\Training\pituitary\Tr-pi_73.jpg,pituitary
..\data\Training\pituitary\Tr-pi_730.jpg,pituitary
..\data\Training\pituitary\Tr-pi_731.jpg,pituitary
..\data\Training\pituitary\Tr-pi_732.jpg,pituitary
..\data\Training\pituitary\Tr-pi_733.jpg,pituitary
..\data\Training\pituitary\Tr-pi_734.jpg,pituitary
..\data\Training\pituitary\Tr-pi_735.jpg,pituitary
..\data\Training\pituitary\Tr-pi_736.jpg,pituitary
..\data\Training\pituitary\Tr-pi_737.jpg,pituitary
..\data\Training\pituitary\Tr-pi_738.jpg,pituitary
..\data\Training\pituitary\Tr-pi_739.jpg,pituitary
..\data\Training\pituitary\Tr-pi_74.jpg,pituitary
..\data\Training\pituitary\Tr-pi_740.jpg,pituitary
..\data\Training\pituitary\Tr-pi_741.jpg,pituitary
..\data\Training\pituitary\Tr-pi_742.jpg,pituitary
..\data\Training\pituitary\Tr-pi_743.jpg,pituitary
..\data\Training\pituitary\Tr-pi_744.jpg,pituitary
..\data\Training\pituitary\Tr-pi_745.jpg,pituitary
..\data\Training\pituitary\Tr-pi_746.jpg,pituitary
..\data\Training\pituitary\Tr-pi_747.jpg,pituitary
..\data\Training\pituitary\Tr-pi_748.jpg,pituitary
..\data\Training\pituitary\Tr-pi_749.jpg,pituitary
..\data\Training\pituitary\Tr-pi_75.jpg,pituitary
..\data\Training\pituitary\Tr-pi_750.jpg,pituitary
..\data\Training\pituitary\Tr-pi_751.jpg,pituitary
..\data\Training\pituitary\Tr-pi_752.jpg,pituitary
..\data\Training\pituitary\Tr-pi_753.jpg,pituitary
..\data\Training\pituitary\Tr-pi_754.jpg,pituitary
..\data\Training\pituitary\Tr-pi_755.jpg,pituitary
..\data\Training\pituitary\Tr-pi_756.jpg,pituitary
..\data\Training\pituitary\Tr-pi_757.jpg,pituitary
..\data\Training\pituitary\Tr-pi_758.jpg,pituitary
..\data\Training\pituitary\Tr-pi_759.jpg,pituitary
..\data\Training\pituitary\Tr-pi_76.jpg,pituitary
..\data\Training\pituitary\Tr-pi_760.jpg,pituitary
..\data\Training\pituitary\Tr-pi_761.jpg,pituitary
..\data\Training\pituitary\Tr-pi_762.jpg,pituitary
..\data\Training\pituitary\Tr-pi_763.jpg,pituitary
..\data\Training\pituitary\Tr-pi_764.jpg,pituitary
..\data\Training\pituitary\Tr-pi_765.jpg,pituitary
..\data\Training\pituitary\Tr-pi_766.jpg,pituitary
..\data\Training\pituitary\Tr-pi_767.jpg,pituitary
..\data\Training\pituitary\Tr-pi_768.jpg,pituitary
..\data\Training\pituitary\Tr-pi_769.jpg,pituitary
..\data\Training\pituitary\Tr-pi_77.jpg,pituitary
..\data\Training\pituitary\Tr-pi_770.jpg,pituitary
..\data\Training\pituitary\Tr-pi_771.jpg,pituitary
..\data\Training\pituitary\Tr-pi_772.jpg,pituitary
..\data\Training\pituitary\Tr-pi_773.jpg,pituitary
..\data\Training\pituitary\Tr-pi_774.jpg,pituitary
..\data\Training\pituitary\Tr-pi_775.jpg,pituitary
..\data\Training\pituitary\Tr-pi_776.jpg,pituitary
..\data\Training\pituitary\Tr-pi_777.jpg,pituitary
..\data\Training\pituitary\Tr-pi_778.jpg,pituitary
..\data\Training\pituitary\Tr-pi_779.jpg,pituitary
..\data\Training\pituitary\Tr-pi_78.jpg,pituitary
..\data\Training\pituitary\Tr-pi_780.jpg,pituitary
..\data\Training\pituitary\Tr-pi_781.jpg,pituitary
..\data\Training\pituitary\Tr-pi_782.jpg,pituitary
..\data\Training\pituitary\Tr-pi_783.jpg,pituitary
..\data\Training\pituitary\Tr-pi_784.jpg,pituitary
..\data\Training\pituitary\Tr-pi_785.jpg,pituitary
..\data\Training\pituitary\Tr-pi_786.jpg,pituitary
..\data\Training\pituitary\Tr-pi_787.jpg,pituitary
..\data\Training\pituitary\Tr-pi_788.jpg,pituitary
..\data\Training\pituitary\Tr-pi_789.jpg,pituitary
..\data\Training\pituitary\Tr-pi_79.jpg,pituitary
..\data\Training\pituitary\Tr-pi_790.jpg,pituitary
..\data\Training\pituitary\Tr-pi_791.jpg,pituitary
..\data\Training\pituitary\Tr-pi_792.jpg,pituitary
..\data\Training\pituitary\Tr-pi_793.jpg,pituitary
..\data\Training\pituitary\Tr-pi_794.jpg,pituitary
..\data\Training\pituitary\Tr-pi_795.jpg,pituitary
..\data\Training\pituitary\Tr-pi_796.jpg,pituitary
..\data\Training\pituitary\Tr-pi_797.jpg,pituitary
..\data\Training\pituitary\Tr-pi_798.jpg,pituitary
..\data\Training\pituitary\Tr-pi_799.jpg,pituitary
..\data\Training\pituitary\Tr-pi_8.jpg,pituitary
..\data\Training\pituitary\Tr-pi_80.jpg,pituitary
..\data\Training\pituitary\Tr-pi_800.jpg,pituitary
..\data\Training\pituitary\Tr-pi_801.jpg,pituitary
..\data\Training\pituitary\Tr-pi_802.jpg,pituitary
..\data\Training\pituitary\Tr-pi_803.jpg,pituitary
..\data\Training\pituitary\Tr-pi_804.jpg,pituitary
..\data\Training\pituitary\Tr-pi_805.jpg,pituitary
..\data\Training\pituitary\Tr-pi_806.jpg,pituitary
..\data\Training\pituitary\Tr-pi_807.jpg,pituitary
..\data\Training\pituitary\Tr-pi_808.jpg,pituitary
..\data\Training\pituitary\Tr-pi_809.jpg,pituitary
..\data\Training\pituitary\Tr-pi_81.jpg,pituitary
..\data\Training\pituitary\Tr-pi_810.jpg,pituitary
..\data\Training\pituitary\Tr-pi_811.jpg,pituitary
..\data\Training\pituitary\Tr-pi_812.jpg,pituitary
..\data\Training\pituitary\Tr-pi_813.jpg,pituitary
..\data\Training\pituitary\Tr-pi_814.jpg,pituitary
..\data\Training\pituitary\Tr-pi_815.jpg,pituitary
..\data\Training\pituitary\Tr-pi_816.jpg,pituitary
..\data\Training\pituitary\Tr-pi_817.jpg,pituitary
..\data\Training\pituitary\Tr-pi_818.jpg,pituitary
..\data\Training\pituitary\Tr-pi_819.jpg,pituitary
..\data\Training\pituitary\Tr-pi_82.jpg,pituitary
..\data\Training\pituitary\Tr-pi_820.jpg,pituitary
..\data\Training\pituitary\Tr-pi_821.jpg,pituitary
..\data\Training\pituitary\Tr-pi_822.jpg,pituitary
..\data\Training\pituitary\Tr-pi_823.jpg,pituitary
..\data\Training\pituitary\Tr-pi_824.jpg,pituitary
..\data\Training\pituitary\Tr-pi_825.jpg,pituitary
..\data\Training\pituitary\Tr-pi_826.jpg,pituitary
..\data\Training\pituitary\Tr-pi_827.jpg,pituitary
..\data\Training\pituitary\Tr-pi_828.jpg,pituitary
..\data\Training\pituitary\Tr-pi_829.jpg,pituitary
..\data\Training\pituitary\Tr-pi_83.jpg,pituitary
..\data\Training\pituitary\Tr-pi_830.jpg,pituitary
..\data\Training\pituitary\Tr-pi_831.jpg,pituitary
..\data\Training\pituitary\Tr-pi_832.jpg,pituitary
..\data\Training\pituitary\Tr-pi_833.jpg,pituitary
..\data\Training\pituitary\Tr-pi_834.jpg,pituitary
..\data\Training\pituitary\Tr-pi_835.jpg,pituitary
..\data\Training\pituitary\Tr-pi_836.jpg,pituitary
..\data\Training\pituitary\Tr-pi_837.jpg,pituitary
..\data\Training\pituitary\Tr-pi_838.jpg,pituitary
..\data\Training\pituitary\Tr-pi_839.jpg,pituitary
..\data\Training\pituitary\Tr-pi_84.jpg,pituitary
..\data\Training\pituitary\Tr-pi_840.jpg,pituitary
..\data\Training\pituitary\Tr-pi_841.jpg,pituitary
..\data\Training\pituitary\Tr-pi_842.jpg,pituitary
..\data\Training\pituitary\Tr-pi_843.jpg,pituitary
..\data\Training\pituitary\Tr-pi_844.jpg,pituitary
..\data\Training\pituitary\Tr-pi_845.jpg,pituitary
..\data\Training\pituitary\Tr-pi_846.jpg,pituitary
..\data\Training\pituitary\Tr-pi_847.jpg,pituitary
..\data\Training\pituitary\Tr-pi_848.jpg,pituitary
..\data\Training\pituitary\Tr-pi_849.jpg,pituitary
..\data\Training\pituitary\Tr-pi_85.jpg,pituitary
..\data\Training\pituitary\Tr-pi_850.jpg,pituitary
..\data\Training\pituitary\Tr-pi_851.jpg,pituitary
..\data\Training\pituitary\Tr-pi_852.jpg,pituitary
..\data\Training\pituitary\Tr-pi_853.jpg,pituitary
..\data\Training\pituitary\Tr-pi_854.jpg,pituitary
..\data\Training\pituitary\Tr-pi_855.jpg,pituitary
..\data\Training\pituitary\Tr-pi_856.jpg,pituitary
..\data\Training\pituitary\Tr-pi_857.jpg,pituitary
..\data\Training\pituitary\Tr-pi_858.jpg,pituitary
..\data\Training\pituitary\Tr-pi_859.jpg,pituitary
..\data\Training\pituitary\Tr-pi_86.jpg,pituitary
..\data\Training\pituitary\Tr-pi_860.jpg,pituitary
..\data\Training\pituitary\Tr-pi_861.jpg,pituitary
..\data\Training\pituitary\Tr-pi_862.jpg,pituitary
..\data\Training\pituitary\Tr-pi_863.jpg,pituitary
..\data\Training\pituitary\Tr-pi_864.jpg,pituitary
..\data\Training\pituitary\Tr-pi_865.jpg,pituitary
..\data\Training\pituitary\Tr-pi_866.jpg,pituitary
..\data\Training\pituitary\Tr-pi_867.jpg,pituitary
..\data\Training\pituitary\Tr-pi_868.jpg,pituitary
..\data\Training\pituitary\Tr-pi_869.jpg,pituitary
..\data\Training\pituitary\Tr-pi_87.jpg,pituitary
..\data\Training\pituitary\Tr-pi_870.jpg,pituitary
..\data\Training\pituitary\Tr-pi_871.jpg,pituitary
..\data\Training\pituitary\Tr-pi_872.jpg,pituitary
..\data\Training\pituitary\Tr-pi_873.jpg,pituitary
..\data\Training\pituitary\Tr-pi_874.jpg,pituitary
..\data\Training\pituitary\Tr-pi_875.jpg,pituitary
..\data\Training\pituitary\Tr-pi_876.jpg,pituitary
..\data\Training\pituitary\Tr-pi_877.jpg,pituitary
..\data\Training\pituitary\Tr-pi_878.jpg,pituitary
..\data\Training\pituitary\Tr-pi_879.jpg,pituitary
..\data\Training\pituitary\Tr-pi_88.jpg,pituitary
..\data\Training\pituitary\Tr-pi_880.jpg,pituitary
..\data\Training\pituitary\Tr-pi_881.jpg,pituitary
..\data\Training\pituitary\Tr-pi_882.jpg,pituitary
..\data\Training\pituitary\Tr-pi_883.jpg,pituitary
..\data\Training\pituitary\Tr-pi_884.jpg,pituitary
..\data\Training\pituitary\Tr-pi_885.jpg,pituitary
..\data\Training\pituitary\Tr-pi_886.jpg,pituitary
..\data\Training\pituitary\Tr-pi_887.jpg,pituitary
..\data\Training\pituitary\Tr-pi_888.jpg,pituitary
..\data\Training\pituitary\Tr-pi_889.jpg,pituitary
..\data\Training\pituitary\Tr-pi_89.jpg,pituitary
..\data\Training\pituitary\Tr-pi_890.jpg,pituitary
..\data\Training\pituitary\Tr-pi_891.jpg,pituitary
..\data\Training\pituitary\Tr-pi_892.jpg,pituitary
..\data\Training\pituitary\Tr-pi_893.jpg,pituitary
..\data\Training\pituitary\Tr-pi_894.jpg,pituitary
..\data\Training\pituitary\Tr-pi_895.jpg,pituitary
..\data\Training\pituitary\Tr-pi_896.jpg,pituitary
..\data\Training\pituitary\Tr-pi_897.jpg,pituitary
..\data\Training\pituitary\Tr-pi_898.jpg,pituitary
..\data\Training\pituitary\Tr-pi_899.jpg,pituitary
..\data\Training\pituitary\Tr-pi_9.jpg,pituitary
..\data\Training\pituitary\Tr-pi_90.jpg,pituitary
..\data\Training\pituitary\Tr-pi_900.jpg,pituitary
..\data\Training\pituitary\Tr-pi_901.jpg,pituitary
..\data\Training\pituitary\Tr-pi_902.jpg,pituitary
..\data\Training\pituitary\Tr-pi_903.jpg,pituitary
..\data\Training\pituitary\Tr-pi_904.jpg,pituitary
..\data\Training\pituitary\Tr-pi_905.jpg,pituitary
..\data\Training\pituitary\Tr-pi_906.jpg,pituitary
..\data\Training\pituitary\Tr-pi_907.jpg,pituitary
..\data\Training\pituitary\Tr-pi_908.jpg,pituitary
..\data\Training\pituitary\Tr-pi_909.jpg,pituitary
..\data\Training\pituitary\Tr-pi_91.jpg,pituitary
..\data\Training\pituitary\Tr-pi_910.jpg,pituitary
..\data\Training\pituitary\Tr-pi_911.jpg,pituitary
..\data\Training\pituitary\Tr-pi_912.jpg,pituitary
..\data\Training\pituitary\Tr-pi_913.jpg,pituitary
..\data\Training\pituitary\Tr-pi_914.jpg,pituitary
..\data\Training\pituitary\Tr-pi_915.jpg,pituitary
..\data\Training\pituitary\Tr-pi_916.jpg,pituitary
..\data\Training\pituitary\Tr-pi_917.jpg,pituitary
..\data\Training\pituitary\Tr-pi_918.jpg,pituitary
..\data\Training\pituitary\Tr-pi_919.jpg,pituitary
..\data\Training\pituitary\Tr-pi_92.jpg,pituitary
..\data\Training\pituitary\Tr-pi_920.jpg,pituitary
..\data\Training\pituitary\Tr-pi_921.jpg,pituitary
..\data\Training\pituitary\Tr-pi_922.jpg,pituitary
..\data\Training\pituitary\Tr-pi_923.jpg,pituitary
..\data\Training\pituitary\Tr-pi_924.jpg,pituitary
..\data\Training\pituitary\Tr-pi_925.jpg,pituitary
..\data\Training\pituitary\Tr-pi_926.jpg,pituitary
..\data\Training\pituitary\Tr-pi_927.jpg,pituitary
..\data\Training\pituitary\Tr-pi_928.jpg,pituitary
..\data\Training\pituitary\Tr-pi_929.jpg,pituitary
..\data\Training\pituitary\Tr-pi_93.jpg,pituitary
..\data\Training\pituitary\Tr-pi_930.jpg,pituitary
..\data\Training\pituitary\Tr-pi_931.jpg,pituitary
..\data\Training\pituitary\Tr-pi_932.jpg,pituitary
..\data\Training\pituitary\Tr-pi_933.jpg,pituitary
..\data\Training\pituitary\Tr-pi_934.jpg,pituitary
..\data\Training\pituitary\Tr-pi_935.jpg,pituitary
..\data\Training\pituitary\Tr-pi_936.jpg,pituitary
..\data\Training\pituitary\Tr-pi_937.jpg,pituitary
..\data\Training\pituitary\Tr-pi_938.jpg,pituitary
..\data\Training\pituitary\Tr-pi_939.jpg,pituitary
..\data\Training\pituitary\Tr-pi_94.jpg,pituitary
..\data\Training\pituitary\Tr-pi_940.jpg,pituitary
..\data\Training\pituitary\Tr-pi_941.jpg,pituitary
..\data\Training\pituitary\Tr-pi_942.jpg,pituitary
..\data\Training\pituitary\Tr-pi_943.jpg,pituitary
..\data\Training\pituitary\Tr-pi_944.jpg,pituitary
..\data\Training\pituitary\Tr-pi_945.jpg,pituitary
..\data\Training\pituitary\Tr-pi_946.jpg,pituitary
..\data\Training\pituitary\Tr-pi_947.jpg,pituitary
..\data\Training\pituitary\Tr-pi_948.jpg,pituitary
..\data\Training\pituitary\Tr-pi_949.jpg,pituitary
..\data\Training\pituitary\Tr-pi_95.jpg,pituitary
..\data\Training\pituitary\Tr-pi_950.jpg,pituitary
..\data\Training\pituitary\Tr-pi_951.jpg,pituitary
..\data\Training\pituitary\Tr-pi_952.jpg,pituitary
..\data\Training\pituitary\Tr-pi_953.jpg,pituitary
..\data\Training\pituitary\Tr-pi_954.jpg,pituitary
..\data\Training\pituitary\Tr-pi_955.jpg,pituitary
..\data\Training\pituitary\Tr-pi_956.jpg,pituitary
..\data\Training\pituitary\Tr-pi_957.jpg,pituitary
..\data\Training\pituitary\Tr-pi_958.jpg,pituitary
..\data\Training\pituitary\Tr-pi_959.jpg,pituitary
..\data\Training\pituitary\Tr-pi_96.jpg,pituitary
..\data\Training\pituitary\Tr-pi_960.jpg,pituitary
..\data\Training\pituitary\Tr-pi_961.jpg,pituitary
..\data\Training\pituitary\Tr-pi_962.jpg,pituitary
..\data\Training\pituitary\Tr-pi_963.jpg,pituitary
..\data\Training\pituitary\Tr-pi_964.jpg,pituitary
..\data\Training\pituitary\Tr-pi_965.jpg,pituitary
..\data\Training\pituitary\Tr-pi_966.jpg,pituitary
..\data\Training\pituitary\Tr-pi_967.jpg,pituitary
..\data\Training\pituitary\Tr-pi_968.jpg,pituitary
..\data\Training\pituitary\Tr-pi_969.jpg,pituitary
..\data\Training\pituitary\Tr-pi_97.jpg,pituitary
..\data\Training\pituitary\Tr-pi_970.jpg,pituitary
..\data\Training\pituitary\Tr-pi_971.jpg,pituitary
..\data\Training\pituitary\Tr-pi_972.jpg,pituitary
..\data\Training\pituitary\Tr-pi_973.jpg,pituitary
..\data\Training\pituitary\Tr-pi_974.jpg,pituitary
..\data\Training\pituitary\Tr-pi_975.jpg,pituitary
..\data\Training\pituitary\Tr-pi_976.jpg,pituitary
..\data\Training\pituitary\Tr-pi_977.jpg,pituitary
..\data\Training\pituitary\Tr-pi_978.jpg,pituitary
..\data\Training\pituitary\Tr-pi_979.jpg,pituitary
..\data\Training\pituitary\Tr-pi_98.jpg,pituitary
..\data\Training\pituitary\Tr-pi_980.jpg,pituitary
..\data\Training\pituitary\Tr-pi_981.jpg,pituitary
..\data\Training\pituitary\Tr-pi_982.jpg,pituitary
..\data\Training\pituitary\Tr-pi_983.jpg,pituitary
..\data\Training\pituitary\Tr-pi_984.jpg,pituitary
..\data\Training\pituitary\Tr-pi_985.jpg,pituitary
..\data\Training\pituitary\Tr-pi_986.jpg,pituitary
..\data\Training\pituitary\Tr-pi_987.jpg,pituitary
..\data\Training\pituitary\Tr-pi_988.jpg,pituitary
..\data\Training\pituitary\Tr-pi_989.jpg,pituitary
..\data\Training\pituitary\Tr-pi_99.jpg,pituitary
..\data\Training\pituitary\Tr-pi_990.jpg,pituitary
..\data\Training\pituitary\Tr-pi_991.jpg,pituitary
..\data\Training\pituitary\Tr-pi_992.jpg,pituitary
..\data\Training\pituitary\Tr-pi_993.jpg,pituitary
..\data\Training\pituitary\Tr-pi_994.jpg,pituitary
..\data\Training\pituitary\Tr-pi_995.jpg,pituitary
..\data\Training\pituitary\Tr-pi_996.jpg,pituitary
..\data\Training\pituitary\Tr-pi_997.jpg,pituitary
..\data\Training\pituitary\Tr-pi_998.jpg,pituitary
..\data\Training\pituitary\Tr-pi_999.jpg,pituitary
